<?xml version="1.0"?><?mso-application progid="Excel.Sheet"?><Workbook xmlns="urn:schemas-microsoft-com:office:spreadsheet" xmlns:o="urn:schemas-microsoft-com:office:office" xmlns:x="urn:schemas-microsoft-com:office:excel" xmlns:ss="urn:schemas-microsoft-com:office:spreadsheet" xmlns:html="http://www.w3.org/TR/REC-html40"><DocumentProperties xmlns="urn:schemas-microsoft-com:office:office"></DocumentProperties><ExcelWorkbook xmlns="urn:schemas-microsoft-com:office:excel"><ActiveSheet>0</ActiveSheet><ProtectStructure>False</ProtectStructure><ProtectWindows>False</ProtectWindows></ExcelWorkbook><Styles><Style ss:ID="Default" ss:Name="Normal"><Alignment ss:Vertical="Bottom" /><Borders /><Font ss:FontName="Calibri" x:Family="Swiss" ss:Size="11" ss:Color="#000000" /><Interior /><NumberFormat /><Protection /></Style><Style ss:ID="s21"><Alignment ss:Horizontal="Left" ss:Vertical="Bottom" /><Font ss:FontName="Calibri" x:Family="Swiss" ss:Size="11" ss:Color="#000000" ss:Bold="1" /><Interior ss:Color="#CCCCFF" ss:Pattern="Solid" /><Protection /></Style><Style ss:ID="s22"><Alignment ss:Horizontal="Left" ss:Vertical="Bottom" /><Font ss:FontName="Calibri" x:Family="Swiss" ss:Size="11" ss:Color="#000000" /><Interior ss:Color="#CCCCFF" ss:Pattern="Solid" /></Style><Style ss:ID="s23"><Alignment ss:Horizontal="Left" ss:Vertical="Bottom" /><Interior ss:Color="#CCCCFF" ss:Pattern="Solid" /><NumberFormat ss:Format="[$-409]m/d/yy\ h:mm\ AM/PM;@" /></Style><Style ss:ID="s24"><Alignment ss:Vertical="Bottom" /><Borders /><Font ss:FontName="Calibri" x:Family="Swiss" ss:Size="11" ss:Color="#000000" /><Interior /><NumberFormat /><Protection ss:Protected="0" /></Style></Styles><Worksheet ss:Name="資訊" ss:Id="Information" ss:Protected="1"><Table><Column ss:AutoFitWidth="0" ss:Width="160.5" /><Column ss:AutoFitWidth="0" ss:Width="231" /><Row ss:AutoFitHeight="0"><Cell ss:StyleID="s21"><Data ss:Type="String">組織識別碼:</Data></Cell><Cell ss:StyleID="s22"><Data ss:Type="String">4dee4c40-ce98-ee11-be32-000d3a10613a</Data></Cell></Row><Row ss:AutoFitHeight="0"><Cell ss:StyleID="s21"><Data ss:Type="String">匯出於:</Data></Cell><Cell ss:StyleID="s23"><Data ss:Type="DateTime">2023-12-12T10:36:28</Data></Cell></Row><Row ss:AutoFitHeight="0"><Cell ss:StyleID="s21"><Data ss:Type="String">基礎語言名稱:</Data></Cell><Cell ss:StyleID="s22"><Data ss:Type="String">中文(台灣)</Data></Cell></Row><Row ss:AutoFitHeight="0"><Cell ss:StyleID="s21"><Data ss:Type="String">基礎語言識別碼:</Data></Cell><Cell ss:StyleID="s22"><Data ss:Type="Number">1028</Data></Cell></Row><Row ss:AutoFitHeight="0"><Cell ss:StyleID="s21"><Data ss:Type="String">解決方案名稱:</Data></Cell><Cell ss:StyleID="s22"><Data ss:Type="String">FinancialServicesConfiguration</Data></Cell></Row></Table><WorksheetOptions xmlns="urn:schemas-microsoft-com:office:excel"><ProtectObjects>False</ProtectObjects><ProtectScenarios>False</ProtectScenarios><AllowFormatCells /><AllowSizeCols /><AllowSizeRows /><AllowInsertCols /><AllowInsertRows /><AllowDeleteCols /><AllowDeleteRows /><AllowSort /><AllowFilter /><AllowUsePivotTables /></WorksheetOptions></Worksheet><Worksheet ss:Name="顯示字串" ss:Id="Display Strings" ss:Protected="1"><Table><Column ss:AutoFitWidth="0" ss:Width="105.75" /><Column ss:AutoFitWidth="0" ss:Width="258" /><Column ss:AutoFitWidth="0" ss:Width="90.75" ss:Span="2" /><Row ss:AutoFitHeight="0"><Cell ss:StyleID="s21"><Data ss:Type="String">實體名稱</Data></Cell><Cell ss:StyleID="s21"><Data ss:Type="String">顯示字串機碼</Data></Cell><Cell ss:StyleID="s21"><Data ss:Type="Number">1028</Data></Cell></Row></Table><WorksheetOptions xmlns="urn:schemas-microsoft-com:office:excel"><Selected /><ProtectObjects>False</ProtectObjects><ProtectScenarios>False</ProtectScenarios><AllowFormatCells /><AllowSizeCols /><AllowSizeRows /><AllowInsertCols /><AllowInsertRows /><AllowDeleteCols /><AllowDeleteRows /><AllowSort /><AllowFilter /><AllowUsePivotTables /></WorksheetOptions></Worksheet><Worksheet ss:Name="當地語系化標籤" ss:Id="Localized Labels" ss:Protected="1"><Table><Column ss:AutoFitWidth="0" ss:Width="105.75" /><Column ss:Width="224.25" /><Column ss:AutoFitWidth="0" ss:Width="105.75" /><Column ss:AutoFitWidth="0" ss:Width="114.75" ss:Span="2" /><Row ss:AutoFitHeight="0"><Cell ss:StyleID="s21"><Data ss:Type="String">實體名稱</Data></Cell><Cell ss:StyleID="s21"><Data ss:Type="String">物件識別碼</Data></Cell><Cell ss:StyleID="s21"><Data ss:Type="String">物件欄名稱</Data></Cell><Cell ss:StyleID="s21"><Data ss:Type="Number">1028</Data></Cell></Row><Row ss:AutoFitHeight="0"><Cell ss:StyleID="s22"><Data ss:Type="String">Solution</Data></Cell><Cell ss:StyleID="s22"><Data ss:Type="String">cd38ba1f-248d-4688-8a93-51792d4555aa</Data></Cell><Cell ss:StyleID="s22"><Data ss:Type="String">friendlyname</Data></Cell><Cell ss:StyleID="s24"><Data ss:Type="String">Financial Services 設定</Data></Cell></Row><Row ss:AutoFitHeight="0"><Cell ss:StyleID="s22"><Data ss:Type="String">Publisher</Data></Cell><Cell ss:StyleID="s22"><Data ss:Type="String">16ab28bc-2a5c-4f3e-907d-652964927d77</Data></Cell><Cell ss:StyleID="s22"><Data ss:Type="String">friendlyname</Data></Cell><Cell ss:StyleID="s24"><Data ss:Type="String">Microsoft_FSI</Data></Cell></Row><Row ss:AutoFitHeight="0"><Cell ss:StyleID="s22"><Data ss:Type="String">Publisher</Data></Cell><Cell ss:StyleID="s22"><Data ss:Type="String">16ab28bc-2a5c-4f3e-907d-652964927d77</Data></Cell><Cell ss:StyleID="s22"><Data ss:Type="String">description</Data></Cell><Cell ss:StyleID="s24"><Data ss:Type="String">Microsoft_FSI</Data></Cell></Row><Row ss:AutoFitHeight="0"><Cell ss:StyleID="s22"><Data ss:Type="String">EnvironmentVariableDefinition</Data></Cell><Cell ss:StyleID="s22"><Data ss:Type="String">a820d9fb-78df-4b7d-9e2a-b31d1817e92d</Data></Cell><Cell ss:StyleID="s22"><Data ss:Type="String">displayname</Data></Cell><Cell ss:StyleID="s24"><Data ss:Type="String">Cloud for FSI 的主題</Data></Cell></Row><Row ss:AutoFitHeight="0"><Cell ss:StyleID="s22"><Data ss:Type="String">EnvironmentVariableDefinition</Data></Cell><Cell ss:StyleID="s22"><Data ss:Type="String">a820d9fb-78df-4b7d-9e2a-b31d1817e92d</Data></Cell><Cell ss:StyleID="s22"><Data ss:Type="String">description</Data></Cell><Cell ss:StyleID="s24"><Data ss:Type="String">藉由新增主題記錄名稱來控制將用於 Cloud for FSI 元件中的主題</Data></Cell></Row></Table><WorksheetOptions xmlns="urn:schemas-microsoft-com:office:excel"><Unsynced /><ProtectObjects>False</ProtectObjects><ProtectScenarios>False</ProtectScenarios><AllowFormatCells /><AllowSizeCols /><AllowSizeRows /><AllowInsertCols /><AllowInsertRows /><AllowDeleteCols /><AllowDeleteRows /><AllowSort /><AllowFilter /><AllowUsePivotTables /></WorksheetOptions></Worksheet></Workbook>