<?xml version="1.0"?>
<?mso-application progid="Excel.Sheet"?>
<Workbook xmlns="urn:schemas-microsoft-com:office:spreadsheet"
 xmlns:o="urn:schemas-microsoft-com:office:office"
 xmlns:x="urn:schemas-microsoft-com:office:excel"
 xmlns:ss="urn:schemas-microsoft-com:office:spreadsheet"
 xmlns:html="http://www.w3.org/TR/REC-html40">
 <DocumentProperties xmlns="urn:schemas-microsoft-com:office:office">
  <Version>16.00</Version>
 </DocumentProperties>
 <OfficeDocumentSettings xmlns="urn:schemas-microsoft-com:office:office">
  <AllowPNG/>
 </OfficeDocumentSettings>
 <ExcelWorkbook xmlns="urn:schemas-microsoft-com:office:excel">
  <WindowHeight>5184</WindowHeight>
  <WindowWidth>16632</WindowWidth>
  <WindowTopX>32767</WindowTopX>
  <WindowTopY>32767</WindowTopY>
  <ProtectStructure>False</ProtectStructure>
  <ProtectWindows>False</ProtectWindows>
 </ExcelWorkbook>
 <Styles>
  <Style ss:ID="Default" ss:Name="Normal">
   <Alignment ss:Vertical="Bottom"/>
   <Borders/>
   <Font ss:FontName="Calibri" x:Family="Swiss" ss:Size="11" ss:Color="#000000"/>
   <Interior/>
   <NumberFormat/>
   <Protection/>
  </Style>
  <Style ss:ID="s62">
   <Alignment ss:Horizontal="Left" ss:Vertical="Bottom"/>
   <Font ss:FontName="Calibri" x:Family="Swiss" ss:Size="11" ss:Color="#000000"
    ss:Bold="1"/>
   <Interior ss:Color="#CCCCFF" ss:Pattern="Solid"/>
   <Protection/>
  </Style>
  <Style ss:ID="s63">
   <Alignment ss:Horizontal="Left" ss:Vertical="Bottom"/>
   <Font ss:FontName="Calibri" x:Family="Swiss" ss:Size="11" ss:Color="#000000"/>
   <Interior ss:Color="#CCCCFF" ss:Pattern="Solid"/>
  </Style>
  <Style ss:ID="s64">
   <Alignment ss:Horizontal="Left" ss:Vertical="Bottom"/>
   <Interior ss:Color="#CCCCFF" ss:Pattern="Solid"/>
   <NumberFormat ss:Format="[$-409]m/d/yy\ h:mm\ AM/PM;@"/>
  </Style>
  <Style ss:ID="s65">
   <Alignment ss:Vertical="Bottom"/>
   <Borders/>
   <Font ss:FontName="Calibri" x:Family="Swiss" ss:Size="11" ss:Color="#000000"/>
   <Interior/>
   <NumberFormat/>
   <Protection ss:Protected="0"/>
  </Style>
 </Styles>
 <Worksheet ss:Name="Informazioni" ss:Protected="1" ss:Id="Information">
  <Table ss:ExpandedColumnCount="2" ss:ExpandedRowCount="5" x:FullColumns="1"
   x:FullRows="1" ss:DefaultRowHeight="14.4">
   <Column ss:AutoFitWidth="0" ss:Width="160.80000000000001"/>
   <Column ss:AutoFitWidth="0" ss:Width="231"/>
   <Row ss:AutoFitHeight="0">
    <Cell ss:StyleID="s62"><Data ss:Type="String">ID organizzazione:</Data></Cell>
    <Cell ss:StyleID="s63"/>
   </Row>
   <Row ss:AutoFitHeight="0">
    <Cell ss:StyleID="s62"><Data ss:Type="String">Data esportazione:</Data></Cell>
    <Cell ss:StyleID="s64"><Data ss:Type="DateTime">2023-12-14T13:35:11.000</Data></Cell>
   </Row>
   <Row ss:AutoFitHeight="0">
    <Cell ss:StyleID="s62"><Data ss:Type="String">Nome lingua di base:</Data></Cell>
    <Cell ss:StyleID="s63"><Data ss:Type="String">italiano (Italia)</Data></Cell>
   </Row>
   <Row ss:AutoFitHeight="0">
    <Cell ss:StyleID="s62"><Data ss:Type="String">ID lingua di base:</Data></Cell>
    <Cell ss:StyleID="s63"><Data ss:Type="Number">1040</Data></Cell>
   </Row>
   <Row ss:AutoFitHeight="0">
    <Cell ss:StyleID="s62"><Data ss:Type="String">Nome soluzione:</Data></Cell>
    <Cell ss:StyleID="s63"><Data ss:Type="String">DocumentIntelligenceCore</Data></Cell>
   </Row>
  </Table>
  <WorksheetOptions xmlns="urn:schemas-microsoft-com:office:excel">
   <Selected/>
   <Panes>
    <Pane>
     <Number>3</Number>
     <ActiveCol>1</ActiveCol>
    </Pane>
   </Panes>
   <ProtectObjects>True</ProtectObjects>
   <ProtectScenarios>True</ProtectScenarios>
   <AllowFormatCells/>
   <AllowSizeCols/>
   <AllowSizeRows/>
   <AllowInsertCols/>
   <AllowInsertRows/>
   <AllowDeleteCols/>
   <AllowDeleteRows/>
   <AllowSort/>
   <AllowFilter/>
   <AllowUsePivotTables/>
  </WorksheetOptions>
 </Worksheet>
 <Worksheet ss:Name="Stringhe visualizzate" ss:Protected="1" ss:Id="Display Strings">
  <Table ss:ExpandedColumnCount="5" ss:ExpandedRowCount="1" x:FullColumns="1"
   x:FullRows="1" ss:DefaultRowHeight="14.4">
   <Column ss:AutoFitWidth="0" ss:Width="105.6"/>
   <Column ss:AutoFitWidth="0" ss:Width="258"/>
   <Column ss:AutoFitWidth="0" ss:Width="90.6" ss:Span="2"/>
   <Row ss:AutoFitHeight="0">
    <Cell ss:StyleID="s62"><Data ss:Type="String">Nome entità</Data></Cell>
    <Cell ss:StyleID="s62"><Data ss:Type="String">Chiave stringa visualizzata</Data></Cell>
    <Cell ss:StyleID="s62"><Data ss:Type="Number">1040</Data></Cell>
   </Row>
  </Table>
  <WorksheetOptions xmlns="urn:schemas-microsoft-com:office:excel">
   <ProtectObjects>False</ProtectObjects>
   <ProtectScenarios>False</ProtectScenarios>
   <AllowFormatCells/>
   <AllowSizeCols/>
   <AllowSizeRows/>
   <AllowInsertCols/>
   <AllowInsertRows/>
   <AllowDeleteCols/>
   <AllowDeleteRows/>
   <AllowSort/>
   <AllowFilter/>
   <AllowUsePivotTables/>
  </WorksheetOptions>
 </Worksheet>
 <Worksheet ss:Name="Etichette localizzate" ss:Protected="1" ss:Id="Localized Labels">
  <Table ss:ExpandedColumnCount="6" ss:ExpandedRowCount="40" x:FullColumns="1"
   x:FullRows="1" ss:DefaultRowHeight="14.4">
   <Column ss:AutoFitWidth="0" ss:Width="105.6"/>
   <Column ss:Width="224.4"/>
   <Column ss:AutoFitWidth="0" ss:Width="105.6"/>
   <Column ss:AutoFitWidth="0" ss:Width="114.6" ss:Span="2"/>
   <Row ss:AutoFitHeight="0">
    <Cell ss:StyleID="s62"><Data ss:Type="String">Nome entità</Data></Cell>
    <Cell ss:StyleID="s62"><Data ss:Type="String">ID oggetto</Data></Cell>
    <Cell ss:StyleID="s62"><Data ss:Type="String">Nome colonna oggetto</Data></Cell>
    <Cell ss:StyleID="s62"><Data ss:Type="Number">1040</Data></Cell>
   </Row>
   <Row ss:AutoFitHeight="0">
    <Cell ss:StyleID="s63"><Data ss:Type="String">Solution</Data></Cell>
    <Cell ss:StyleID="s63"><Data ss:Type="String">ed63ce9d-5f48-4e3d-b401-a4ad4ec57c2e</Data></Cell>
    <Cell ss:StyleID="s63"><Data ss:Type="String">friendlyname</Data></Cell>
    <Cell ss:StyleID="s65"><Data ss:Type="String">Document Intelligence Core (Preview)</Data></Cell>
   </Row>
   <Row ss:AutoFitHeight="0">
    <Cell ss:StyleID="s63"><Data ss:Type="String">Publisher</Data></Cell>
    <Cell ss:StyleID="s63"><Data ss:Type="String">8afa6a65-9042-479e-8cfb-a0be9b33549f</Data></Cell>
    <Cell ss:StyleID="s63"><Data ss:Type="String">friendlyname</Data></Cell>
    <Cell ss:StyleID="s65"><Data ss:Type="String">Microsoft_FSI</Data></Cell>
   </Row>
   <Row ss:AutoFitHeight="0">
    <Cell ss:StyleID="s63"><Data ss:Type="String">Publisher</Data></Cell>
    <Cell ss:StyleID="s63"><Data ss:Type="String">8afa6a65-9042-479e-8cfb-a0be9b33549f</Data></Cell>
    <Cell ss:StyleID="s63"><Data ss:Type="String">description</Data></Cell>
    <Cell ss:StyleID="s65"><Data ss:Type="String">Microsoft_FSI</Data></Cell>
   </Row>
   <Row ss:AutoFitHeight="0">
    <Cell ss:StyleID="s63"><Data ss:Type="String">Workflow Categories</Data></Cell>
    <Cell ss:StyleID="s63"><Data ss:Type="String">ba35f4f3-a7fa-ec11-82e5-000d3a182304</Data></Cell>
    <Cell ss:StyleID="s63"><Data ss:Type="String">name</Data></Cell>
    <Cell ss:StyleID="s65"><Data ss:Type="String">Pre pipeline step</Data></Cell>
   </Row>
   <Row ss:AutoFitHeight="0">
    <Cell ss:StyleID="s63"><Data ss:Type="String">Workflow Categories</Data></Cell>
    <Cell ss:StyleID="s63"><Data ss:Type="String">0be25b1f-a9fa-ec11-82e5-000d3a182304</Data></Cell>
    <Cell ss:StyleID="s63"><Data ss:Type="String">name</Data></Cell>
    <Cell ss:StyleID="s65"><Data ss:Type="String">Post pipeline step</Data></Cell>
   </Row>
   <Row ss:AutoFitHeight="0">
    <Cell ss:StyleID="s63"><Data ss:Type="String">Workflow Categories</Data></Cell>
    <Cell ss:StyleID="s63"><Data ss:Type="String">903157fb-ae64-ed11-9561-00224805c952</Data></Cell>
    <Cell ss:StyleID="s63"><Data ss:Type="String">name</Data></Cell>
    <Cell ss:StyleID="s65"><Data ss:Type="String">Document AI builder step</Data></Cell>
   </Row>
   <Row ss:AutoFitHeight="0">
    <Cell ss:StyleID="s63"><Data ss:Type="String">Workflow Categories</Data></Cell>
    <Cell ss:StyleID="s63"><Data ss:Type="String">c035fd97-3f6b-ed11-9561-00224805ce8f</Data></Cell>
    <Cell ss:StyleID="s63"><Data ss:Type="String">name</Data></Cell>
    <Cell ss:StyleID="s65"><Data ss:Type="String">Format extracted data AI builder</Data></Cell>
   </Row>
   <Row ss:AutoFitHeight="0">
    <Cell ss:StyleID="s63"><Data ss:Type="String">Workflow Categories</Data></Cell>
    <Cell ss:StyleID="s63"><Data ss:Type="String">9c2d7df1-96f7-ec11-bb3d-00224808c150</Data></Cell>
    <Cell ss:StyleID="s63"><Data ss:Type="String">name</Data></Cell>
    <Cell ss:StyleID="s65"><Data ss:Type="String">Main pipeline</Data></Cell>
   </Row>
   <Row ss:AutoFitHeight="0">
    <Cell ss:StyleID="s63"><Data ss:Type="String">Workflow Categories</Data></Cell>
    <Cell ss:StyleID="s63"><Data ss:Type="String">63364e6b-a8f7-ec11-bb3d-00224808c150</Data></Cell>
    <Cell ss:StyleID="s63"><Data ss:Type="String">name</Data></Cell>
    <Cell ss:StyleID="s65"><Data ss:Type="String">Pre pipeline</Data></Cell>
   </Row>
   <Row ss:AutoFitHeight="0">
    <Cell ss:StyleID="s63"><Data ss:Type="String">Workflow Categories</Data></Cell>
    <Cell ss:StyleID="s63"><Data ss:Type="String">155b58ac-aaf7-ec11-bb3d-00224808c150</Data></Cell>
    <Cell ss:StyleID="s63"><Data ss:Type="String">name</Data></Cell>
    <Cell ss:StyleID="s65"><Data ss:Type="String">Post pipeline</Data></Cell>
   </Row>
   <Row ss:AutoFitHeight="0">
    <Cell ss:StyleID="s63"><Data ss:Type="String">Workflow Categories</Data></Cell>
    <Cell ss:StyleID="s63"><Data ss:Type="String">d406b572-667f-ed11-81ad-0022482a4e0c</Data></Cell>
    <Cell ss:StyleID="s63"><Data ss:Type="String">name</Data></Cell>
    <Cell ss:StyleID="s65"><Data ss:Type="String">Get pipeline details</Data></Cell>
   </Row>
   <Row ss:AutoFitHeight="0">
    <Cell ss:StyleID="s63"><Data ss:Type="String">EnvironmentVariableDefinition</Data></Cell>
    <Cell ss:StyleID="s63"><Data ss:Type="String">c7611dd2-c540-4ff5-b466-fed8e81bbfd0</Data></Cell>
    <Cell ss:StyleID="s63"><Data ss:Type="String">description</Data></Cell>
    <Cell ss:StyleID="s65"><Data ss:Type="String">The file types that the documents process supports.</Data></Cell>
   </Row>
   <Row ss:AutoFitHeight="0">
    <Cell ss:StyleID="s63"><Data ss:Type="String">EnvironmentVariableDefinition</Data></Cell>
    <Cell ss:StyleID="s63"><Data ss:Type="String">c7611dd2-c540-4ff5-b466-fed8e81bbfd0</Data></Cell>
    <Cell ss:StyleID="s63"><Data ss:Type="String">displayname</Data></Cell>
    <Cell ss:StyleID="s65"><Data ss:Type="String">Supported file types</Data></Cell>
   </Row>
   <Row ss:AutoFitHeight="0">
    <Cell ss:StyleID="s63"><Data ss:Type="String">CustomAPI</Data></Cell>
    <Cell ss:StyleID="s63"><Data ss:Type="String">a426095b-7ead-463e-8e43-7b888e6b66d2</Data></Cell>
    <Cell ss:StyleID="s63"><Data ss:Type="String">displayname</Data></Cell>
    <Cell ss:StyleID="s65"><Data ss:Type="String">Delete document</Data></Cell>
   </Row>
   <Row ss:AutoFitHeight="0">
    <Cell ss:StyleID="s63"><Data ss:Type="String">CustomAPI</Data></Cell>
    <Cell ss:StyleID="s63"><Data ss:Type="String">a426095b-7ead-463e-8e43-7b888e6b66d2</Data></Cell>
    <Cell ss:StyleID="s63"><Data ss:Type="String">description</Data></Cell>
    <Cell ss:StyleID="s65"><Data ss:Type="String">Delete document's related records, possibly delete the request.</Data></Cell>
   </Row>
   <Row ss:AutoFitHeight="0">
    <Cell ss:StyleID="s63"><Data ss:Type="String">CustomAPI</Data></Cell>
    <Cell ss:StyleID="s63"><Data ss:Type="String">d0e8e26d-eb8c-4d5c-884d-8451291afdff</Data></Cell>
    <Cell ss:StyleID="s63"><Data ss:Type="String">displayname</Data></Cell>
    <Cell ss:StyleID="s65"><Data ss:Type="String">Upload document</Data></Cell>
   </Row>
   <Row ss:AutoFitHeight="0">
    <Cell ss:StyleID="s63"><Data ss:Type="String">CustomAPI</Data></Cell>
    <Cell ss:StyleID="s63"><Data ss:Type="String">d0e8e26d-eb8c-4d5c-884d-8451291afdff</Data></Cell>
    <Cell ss:StyleID="s63"><Data ss:Type="String">description</Data></Cell>
    <Cell ss:StyleID="s65"><Data ss:Type="String">Upload new document to an existing document request.</Data></Cell>
   </Row>
   <Row ss:AutoFitHeight="0">
    <Cell ss:StyleID="s63"><Data ss:Type="String">CustomAPIRequestParameter</Data></Cell>
    <Cell ss:StyleID="s63"><Data ss:Type="String">2e036453-0c05-41b5-8cf6-3623e4610421</Data></Cell>
    <Cell ss:StyleID="s63"><Data ss:Type="String">description</Data></Cell>
    <Cell ss:StyleID="s65"><Data ss:Type="String">Flag to indicates whether to delete the request.</Data></Cell>
   </Row>
   <Row ss:AutoFitHeight="0">
    <Cell ss:StyleID="s63"><Data ss:Type="String">CustomAPIRequestParameter</Data></Cell>
    <Cell ss:StyleID="s63"><Data ss:Type="String">2e036453-0c05-41b5-8cf6-3623e4610421</Data></Cell>
    <Cell ss:StyleID="s63"><Data ss:Type="String">displayname</Data></Cell>
    <Cell ss:StyleID="s65"><Data ss:Type="String">Delete request</Data></Cell>
   </Row>
   <Row ss:AutoFitHeight="0">
    <Cell ss:StyleID="s63"><Data ss:Type="String">CustomAPIRequestParameter</Data></Cell>
    <Cell ss:StyleID="s63"><Data ss:Type="String">6b574f8f-42b6-408e-a45a-459ea46ef2bf</Data></Cell>
    <Cell ss:StyleID="s63"><Data ss:Type="String">description</Data></Cell>
    <Cell ss:StyleID="s65"><Data ss:Type="String">The type of the file. Supported types: image/jpeg, image/png, application/pdf</Data></Cell>
   </Row>
   <Row ss:AutoFitHeight="0">
    <Cell ss:StyleID="s63"><Data ss:Type="String">CustomAPIRequestParameter</Data></Cell>
    <Cell ss:StyleID="s63"><Data ss:Type="String">6b574f8f-42b6-408e-a45a-459ea46ef2bf</Data></Cell>
    <Cell ss:StyleID="s63"><Data ss:Type="String">displayname</Data></Cell>
    <Cell ss:StyleID="s65"><Data ss:Type="String">File type</Data></Cell>
   </Row>
   <Row ss:AutoFitHeight="0">
    <Cell ss:StyleID="s63"><Data ss:Type="String">CustomAPIRequestParameter</Data></Cell>
    <Cell ss:StyleID="s63"><Data ss:Type="String">3f8261b2-935c-4868-b831-68cee62d246a</Data></Cell>
    <Cell ss:StyleID="s63"><Data ss:Type="String">description</Data></Cell>
    <Cell ss:StyleID="s65"><Data ss:Type="String">The content of the file in base 64 string format.</Data></Cell>
   </Row>
   <Row ss:AutoFitHeight="0">
    <Cell ss:StyleID="s63"><Data ss:Type="String">CustomAPIRequestParameter</Data></Cell>
    <Cell ss:StyleID="s63"><Data ss:Type="String">3f8261b2-935c-4868-b831-68cee62d246a</Data></Cell>
    <Cell ss:StyleID="s63"><Data ss:Type="String">displayname</Data></Cell>
    <Cell ss:StyleID="s65"><Data ss:Type="String">File body</Data></Cell>
   </Row>
   <Row ss:AutoFitHeight="0">
    <Cell ss:StyleID="s63"><Data ss:Type="String">CustomAPIRequestParameter</Data></Cell>
    <Cell ss:StyleID="s63"><Data ss:Type="String">9a02d146-b6a7-47c3-8caa-d4f9af9a89f6</Data></Cell>
    <Cell ss:StyleID="s63"><Data ss:Type="String">description</Data></Cell>
    <Cell ss:StyleID="s65"><Data ss:Type="String">The name of the file.</Data></Cell>
   </Row>
   <Row ss:AutoFitHeight="0">
    <Cell ss:StyleID="s63"><Data ss:Type="String">CustomAPIRequestParameter</Data></Cell>
    <Cell ss:StyleID="s63"><Data ss:Type="String">9a02d146-b6a7-47c3-8caa-d4f9af9a89f6</Data></Cell>
    <Cell ss:StyleID="s63"><Data ss:Type="String">displayname</Data></Cell>
    <Cell ss:StyleID="s65"><Data ss:Type="String">File name</Data></Cell>
   </Row>
   <Row ss:AutoFitHeight="0">
    <Cell ss:StyleID="s63"><Data ss:Type="String">CustomAPIResponseProperty</Data></Cell>
    <Cell ss:StyleID="s63"><Data ss:Type="String">4f61189f-5a52-4692-b101-2f503dc1b617</Data></Cell>
    <Cell ss:StyleID="s63"><Data ss:Type="String">displayname</Data></Cell>
    <Cell ss:StyleID="s65"><Data ss:Type="String">Document request id</Data></Cell>
   </Row>
   <Row ss:AutoFitHeight="0">
    <Cell ss:StyleID="s63"><Data ss:Type="String">CustomAPIResponseProperty</Data></Cell>
    <Cell ss:StyleID="s63"><Data ss:Type="String">4f61189f-5a52-4692-b101-2f503dc1b617</Data></Cell>
    <Cell ss:StyleID="s63"><Data ss:Type="String">description</Data></Cell>
    <Cell ss:StyleID="s65"><Data ss:Type="String">Document request id</Data></Cell>
   </Row>
   <Row ss:AutoFitHeight="0">
    <Cell ss:StyleID="s63"><Data ss:Type="String">CustomAPIResponseProperty</Data></Cell>
    <Cell ss:StyleID="s63"><Data ss:Type="String">09644ebb-cabd-4a82-8dd2-6943a3605941</Data></Cell>
    <Cell ss:StyleID="s63"><Data ss:Type="String">displayname</Data></Cell>
    <Cell ss:StyleID="s65"><Data ss:Type="String">Document request id</Data></Cell>
   </Row>
   <Row ss:AutoFitHeight="0">
    <Cell ss:StyleID="s63"><Data ss:Type="String">CustomAPIResponseProperty</Data></Cell>
    <Cell ss:StyleID="s63"><Data ss:Type="String">09644ebb-cabd-4a82-8dd2-6943a3605941</Data></Cell>
    <Cell ss:StyleID="s63"><Data ss:Type="String">description</Data></Cell>
    <Cell ss:StyleID="s65"><Data ss:Type="String">Document request id.</Data></Cell>
   </Row>
   <Row ss:AutoFitHeight="0">
    <Cell ss:StyleID="s63"><Data ss:Type="String">CustomAPIResponseProperty</Data></Cell>
    <Cell ss:StyleID="s63"><Data ss:Type="String">4239f420-eec4-4e2b-97a7-8f528231bd11</Data></Cell>
    <Cell ss:StyleID="s63"><Data ss:Type="String">displayname</Data></Cell>
    <Cell ss:StyleID="s65"><Data ss:Type="String">Document id</Data></Cell>
   </Row>
   <Row ss:AutoFitHeight="0">
    <Cell ss:StyleID="s63"><Data ss:Type="String">CustomAPIResponseProperty</Data></Cell>
    <Cell ss:StyleID="s63"><Data ss:Type="String">4239f420-eec4-4e2b-97a7-8f528231bd11</Data></Cell>
    <Cell ss:StyleID="s63"><Data ss:Type="String">description</Data></Cell>
    <Cell ss:StyleID="s65"><Data ss:Type="String">Id of the document related to the request.</Data></Cell>
   </Row>
   <Row ss:AutoFitHeight="0">
    <Cell ss:StyleID="s63"><Data ss:Type="String">CustomAPIResponseProperty</Data></Cell>
    <Cell ss:StyleID="s63"><Data ss:Type="String">09eb42f5-3d94-4072-af21-e31f459da144</Data></Cell>
    <Cell ss:StyleID="s63"><Data ss:Type="String">displayname</Data></Cell>
    <Cell ss:StyleID="s65"><Data ss:Type="String">Annotation id</Data></Cell>
   </Row>
   <Row ss:AutoFitHeight="0">
    <Cell ss:StyleID="s63"><Data ss:Type="String">CustomAPIResponseProperty</Data></Cell>
    <Cell ss:StyleID="s63"><Data ss:Type="String">09eb42f5-3d94-4072-af21-e31f459da144</Data></Cell>
    <Cell ss:StyleID="s63"><Data ss:Type="String">description</Data></Cell>
    <Cell ss:StyleID="s65"><Data ss:Type="String">Id of the annotation related to the request.</Data></Cell>
   </Row>
   <Row ss:AutoFitHeight="0">
    <Cell ss:StyleID="s63"><Data ss:Type="String">msfsi_pipelinedocumentstatemessage</Data></Cell>
    <Cell ss:StyleID="s63"><Data ss:Type="String">8919dbf0-0c72-48a7-9c43-31d4b63f4456</Data></Cell>
    <Cell ss:StyleID="s63"><Data ss:Type="String">msfsi_statetext</Data></Cell>
    <Cell ss:StyleID="s65"><Data ss:Type="String">Recommend that you reject the document</Data></Cell>
   </Row>
   <Row ss:AutoFitHeight="0">
    <Cell ss:StyleID="s63"><Data ss:Type="String">msfsi_pipelinedocumentstatemessage</Data></Cell>
    <Cell ss:StyleID="s63"><Data ss:Type="String">8919dbf0-0c72-48a7-9c43-31d4b63f4456</Data></Cell>
    <Cell ss:StyleID="s63"><Data ss:Type="String">msfsi_statedescription</Data></Cell>
    <Cell ss:StyleID="s65"><Data ss:Type="String">This document doesn’t meet the criteria needed for approval.</Data></Cell>
   </Row>
   <Row ss:AutoFitHeight="0">
    <Cell ss:StyleID="s63"><Data ss:Type="String">msfsi_pipelinedocumentstatemessage</Data></Cell>
    <Cell ss:StyleID="s63"><Data ss:Type="String">cb9613e5-1910-4260-8d45-0d75e4f25ab5</Data></Cell>
    <Cell ss:StyleID="s63"><Data ss:Type="String">msfsi_statetext</Data></Cell>
    <Cell ss:StyleID="s65"><Data ss:Type="String">Recommend that you approve the document</Data></Cell>
   </Row>
   <Row ss:AutoFitHeight="0">
    <Cell ss:StyleID="s63"><Data ss:Type="String">msfsi_pipelinedocumentstatemessage</Data></Cell>
    <Cell ss:StyleID="s63"><Data ss:Type="String">cb9613e5-1910-4260-8d45-0d75e4f25ab5</Data></Cell>
    <Cell ss:StyleID="s63"><Data ss:Type="String">msfsi_statedescription</Data></Cell>
    <Cell ss:StyleID="s65"><Data ss:Type="String">This document meets the criteria needed for approval.</Data></Cell>
   </Row>
   <Row ss:AutoFitHeight="0">
    <Cell ss:StyleID="s63"><Data ss:Type="String">msfsi_pipelinedocumentstatemessage</Data></Cell>
    <Cell ss:StyleID="s63"><Data ss:Type="String">d33fc728-c1e9-4267-acdb-c3bbea9eefcb</Data></Cell>
    <Cell ss:StyleID="s63"><Data ss:Type="String">msfsi_statetext</Data></Cell>
    <Cell ss:StyleID="s65"><Data ss:Type="String">Recommend that you manually review the document</Data></Cell>
   </Row>
   <Row ss:AutoFitHeight="0">
    <Cell ss:StyleID="s63"><Data ss:Type="String">msfsi_pipelinedocumentstatemessage</Data></Cell>
    <Cell ss:StyleID="s63"><Data ss:Type="String">d33fc728-c1e9-4267-acdb-c3bbea9eefcb</Data></Cell>
    <Cell ss:StyleID="s63"><Data ss:Type="String">msfsi_statedescription</Data></Cell>
    <Cell ss:StyleID="s65"><Data ss:Type="String">This document doesn’t seem to meet some of the criteria needed for approval, but may still be correct. Please review it once before making a decision.</Data></Cell>
   </Row>
  </Table>
  <WorksheetOptions xmlns="urn:schemas-microsoft-com:office:excel">
   <ProtectObjects>False</ProtectObjects>
   <ProtectScenarios>False</ProtectScenarios>
   <AllowFormatCells/>
   <AllowSizeCols/>
   <AllowSizeRows/>
   <AllowInsertCols/>
   <AllowInsertRows/>
   <AllowDeleteCols/>
   <AllowDeleteRows/>
   <AllowSort/>
   <AllowFilter/>
   <AllowUsePivotTables/>
  </WorksheetOptions>
 </Worksheet>
</Workbook>
