<?xml version="1.0"?>
<?mso-application progid="Excel.Sheet"?>
<Workbook xmlns="urn:schemas-microsoft-com:office:spreadsheet"
 xmlns:o="urn:schemas-microsoft-com:office:office"
 xmlns:x="urn:schemas-microsoft-com:office:excel"
 xmlns:ss="urn:schemas-microsoft-com:office:spreadsheet"
 xmlns:html="http://www.w3.org/TR/REC-html40">
 <DocumentProperties xmlns="urn:schemas-microsoft-com:office:office">
  <Version>16.00</Version>
 </DocumentProperties>
 <OfficeDocumentSettings xmlns="urn:schemas-microsoft-com:office:office">
  <AllowPNG/>
 </OfficeDocumentSettings>
 <ExcelWorkbook xmlns="urn:schemas-microsoft-com:office:excel">
  <WindowHeight>5184</WindowHeight>
  <WindowWidth>17064</WindowWidth>
  <WindowTopX>32767</WindowTopX>
  <WindowTopY>32767</WindowTopY>
  <ProtectStructure>False</ProtectStructure>
  <ProtectWindows>False</ProtectWindows>
 </ExcelWorkbook>
 <Styles>
  <Style ss:ID="Default" ss:Name="Normal">
   <Alignment ss:Vertical="Bottom"/>
   <Borders/>
   <Font ss:FontName="Calibri" x:Family="Swiss" ss:Size="11" ss:Color="#000000"/>
   <Interior/>
   <NumberFormat/>
   <Protection/>
  </Style>
  <Style ss:ID="s62">
   <Alignment ss:Horizontal="Left" ss:Vertical="Bottom"/>
   <Font ss:FontName="Calibri" x:Family="Swiss" ss:Size="11" ss:Color="#000000"
    ss:Bold="1"/>
   <Interior ss:Color="#CCCCFF" ss:Pattern="Solid"/>
   <Protection/>
  </Style>
  <Style ss:ID="s63">
   <Alignment ss:Horizontal="Left" ss:Vertical="Bottom"/>
   <Font ss:FontName="Calibri" x:Family="Swiss" ss:Size="11" ss:Color="#000000"/>
   <Interior ss:Color="#CCCCFF" ss:Pattern="Solid"/>
  </Style>
  <Style ss:ID="s64">
   <Alignment ss:Horizontal="Left" ss:Vertical="Bottom"/>
   <Interior ss:Color="#CCCCFF" ss:Pattern="Solid"/>
   <NumberFormat ss:Format="[$-409]m/d/yy\ h:mm\ AM/PM;@"/>
  </Style>
  <Style ss:ID="s65">
   <Alignment ss:Vertical="Bottom"/>
   <Borders/>
   <Font ss:FontName="Calibri" x:Family="Swiss" ss:Size="11" ss:Color="#000000"/>
   <Interior/>
   <NumberFormat/>
   <Protection ss:Protected="0"/>
  </Style>
 </Styles>
 <Worksheet ss:Name="Informations" ss:Id="Information">
  <Table ss:ExpandedColumnCount="2" ss:ExpandedRowCount="5" x:FullColumns="1"
   x:FullRows="1" ss:DefaultRowHeight="14.4">
   <Column ss:AutoFitWidth="0" ss:Width="160.80000000000001"/>
   <Column ss:AutoFitWidth="0" ss:Width="231"/>
   <Row ss:AutoFitHeight="0">
    <Cell ss:StyleID="s62"><Data ss:Type="String">ID d’organisation&#160;:</Data></Cell>
    <Cell ss:StyleID="s63"/>
   </Row>
   <Row ss:AutoFitHeight="0">
    <Cell ss:StyleID="s62"><Data ss:Type="String">Date d’exportation&#160;:</Data></Cell>
    <Cell ss:StyleID="s64"><Data ss:Type="DateTime">2023-10-10T09:54:46.000</Data></Cell>
   </Row>
   <Row ss:AutoFitHeight="0">
    <Cell ss:StyleID="s62"><Data ss:Type="String">Nom de la langue de base&#160;:</Data></Cell>
    <Cell ss:StyleID="s63"><Data ss:Type="String">français (France)</Data></Cell>
   </Row>
   <Row ss:AutoFitHeight="0">
    <Cell ss:StyleID="s62"><Data ss:Type="String">ID de la langue de base&#160;:</Data></Cell>
    <Cell ss:StyleID="s63"><Data ss:Type="Number">1036</Data></Cell>
   </Row>
   <Row ss:AutoFitHeight="0">
    <Cell ss:StyleID="s62"><Data ss:Type="String">Nom de la solution&#160;:</Data></Cell>
    <Cell ss:StyleID="s63"><Data ss:Type="String">WealthManagementAnchor</Data></Cell>
   </Row>
  </Table>
  <WorksheetOptions xmlns="urn:schemas-microsoft-com:office:excel">
   <Selected/>
   <Panes>
    <Pane>
     <Number>3</Number>
     <ActiveCol>1</ActiveCol>
    </Pane>
   </Panes>
   <ProtectObjects>False</ProtectObjects>
   <ProtectScenarios>False</ProtectScenarios>
   <AllowFormatCells/>
   <AllowSizeCols/>
   <AllowSizeRows/>
   <AllowInsertCols/>
   <AllowInsertRows/>
   <AllowDeleteCols/>
   <AllowDeleteRows/>
   <AllowSort/>
   <AllowFilter/>
   <AllowUsePivotTables/>
  </WorksheetOptions>
 </Worksheet>
 <Worksheet ss:Name="Chaînes d’affichage" ss:Protected="1" ss:Id="Display Strings">
  <Table ss:ExpandedColumnCount="5" ss:ExpandedRowCount="1" x:FullColumns="1"
   x:FullRows="1" ss:DefaultRowHeight="14.4">
   <Column ss:AutoFitWidth="0" ss:Width="105.6"/>
   <Column ss:AutoFitWidth="0" ss:Width="258"/>
   <Column ss:AutoFitWidth="0" ss:Width="90.6" ss:Span="2"/>
   <Row ss:AutoFitHeight="0">
    <Cell ss:StyleID="s62"><Data ss:Type="String">Nom de l’entité</Data></Cell>
    <Cell ss:StyleID="s62"><Data ss:Type="String">Clé de la chaîne d’affichage</Data></Cell>
    <Cell ss:StyleID="s62"><Data ss:Type="Number">1036</Data></Cell>
   </Row>
  </Table>
  <WorksheetOptions xmlns="urn:schemas-microsoft-com:office:excel">
   <ProtectObjects>False</ProtectObjects>
   <ProtectScenarios>False</ProtectScenarios>
   <AllowFormatCells/>
   <AllowSizeCols/>
   <AllowSizeRows/>
   <AllowInsertCols/>
   <AllowInsertRows/>
   <AllowDeleteCols/>
   <AllowDeleteRows/>
   <AllowSort/>
   <AllowFilter/>
   <AllowUsePivotTables/>
  </WorksheetOptions>
 </Worksheet>
 <Worksheet ss:Name="Étiquettes localisées" ss:Protected="1" ss:Id="Localized Labels">
  <Table ss:ExpandedColumnCount="6" ss:ExpandedRowCount="4" x:FullColumns="1"
   x:FullRows="1" ss:DefaultRowHeight="14.4">
   <Column ss:AutoFitWidth="0" ss:Width="105.6"/>
   <Column ss:Width="224.4"/>
   <Column ss:AutoFitWidth="0" ss:Width="105.6"/>
   <Column ss:AutoFitWidth="0" ss:Width="114.6" ss:Span="2"/>
   <Row ss:AutoFitHeight="0">
    <Cell ss:StyleID="s62"><Data ss:Type="String">Nom de l’entité</Data></Cell>
    <Cell ss:StyleID="s62"><Data ss:Type="String">ID d’objet</Data></Cell>
    <Cell ss:StyleID="s62"><Data ss:Type="String">Nom de la colonne d’objet</Data></Cell>
    <Cell ss:StyleID="s62"><Data ss:Type="Number">1036</Data></Cell>
   </Row>
   <Row ss:AutoFitHeight="0">
    <Cell ss:StyleID="s63"><Data ss:Type="String">Solution</Data></Cell>
    <Cell ss:StyleID="s63"><Data ss:Type="String">2a0242a2-959e-465c-95ec-2e32acda0fb6</Data></Cell>
    <Cell ss:StyleID="s63"><Data ss:Type="String">friendlyname</Data></Cell>
    <Cell ss:StyleID="s65"><Data ss:Type="String">Wealth Management Anchor</Data></Cell>
   </Row>
   <Row ss:AutoFitHeight="0">
    <Cell ss:StyleID="s63"><Data ss:Type="String">Publisher</Data></Cell>
    <Cell ss:StyleID="s63"><Data ss:Type="String">eddf1de5-27d7-48e0-a9ef-310394838fa0</Data></Cell>
    <Cell ss:StyleID="s63"><Data ss:Type="String">friendlyname</Data></Cell>
    <Cell ss:StyleID="s65"><Data ss:Type="String">Microsoft_FSI</Data></Cell>
   </Row>
   <Row ss:AutoFitHeight="0">
    <Cell ss:StyleID="s63"><Data ss:Type="String">Publisher</Data></Cell>
    <Cell ss:StyleID="s63"><Data ss:Type="String">eddf1de5-27d7-48e0-a9ef-310394838fa0</Data></Cell>
    <Cell ss:StyleID="s63"><Data ss:Type="String">description</Data></Cell>
    <Cell ss:StyleID="s65"><Data ss:Type="String">Microsoft_FSI</Data></Cell>
   </Row>
  </Table>
  <WorksheetOptions xmlns="urn:schemas-microsoft-com:office:excel">
   <ProtectObjects>False</ProtectObjects>
   <ProtectScenarios>False</ProtectScenarios>
   <AllowFormatCells/>
   <AllowSizeCols/>
   <AllowSizeRows/>
   <AllowInsertCols/>
   <AllowInsertRows/>
   <AllowDeleteCols/>
   <AllowDeleteRows/>
   <AllowSort/>
   <AllowFilter/>
   <AllowUsePivotTables/>
  </WorksheetOptions>
 </Worksheet>
</Workbook>
