<?xml version="1.0"?><?mso-application progid="Excel.Sheet"?><Workbook xmlns="urn:schemas-microsoft-com:office:spreadsheet" xmlns:o="urn:schemas-microsoft-com:office:office" xmlns:x="urn:schemas-microsoft-com:office:excel" xmlns:ss="urn:schemas-microsoft-com:office:spreadsheet" xmlns:html="http://www.w3.org/TR/REC-html40"><DocumentProperties xmlns="urn:schemas-microsoft-com:office:office"></DocumentProperties><ExcelWorkbook xmlns="urn:schemas-microsoft-com:office:excel"><ActiveSheet>0</ActiveSheet><ProtectStructure>False</ProtectStructure><ProtectWindows>False</ProtectWindows></ExcelWorkbook><Styles><Style ss:ID="Default" ss:Name="Normal"><Alignment ss:Vertical="Bottom" /><Borders /><Font ss:FontName="Calibri" x:Family="Swiss" ss:Size="11" ss:Color="#000000" /><Interior /><NumberFormat /><Protection /></Style><Style ss:ID="s21"><Alignment ss:Horizontal="Left" ss:Vertical="Bottom" /><Font ss:FontName="Calibri" x:Family="Swiss" ss:Size="11" ss:Color="#000000" ss:Bold="1" /><Interior ss:Color="#CCCCFF" ss:Pattern="Solid" /><Protection /></Style><Style ss:ID="s22"><Alignment ss:Horizontal="Left" ss:Vertical="Bottom" /><Font ss:FontName="Calibri" x:Family="Swiss" ss:Size="11" ss:Color="#000000" /><Interior ss:Color="#CCCCFF" ss:Pattern="Solid" /></Style><Style ss:ID="s23"><Alignment ss:Horizontal="Left" ss:Vertical="Bottom" /><Interior ss:Color="#CCCCFF" ss:Pattern="Solid" /><NumberFormat ss:Format="[$-409]m/d/yy\ h:mm\ AM/PM;@" /></Style><Style ss:ID="s24"><Alignment ss:Vertical="Bottom" /><Borders /><Font ss:FontName="Calibri" x:Family="Swiss" ss:Size="11" ss:Color="#000000" /><Interior /><NumberFormat /><Protection ss:Protected="0" /></Style></Styles><Worksheet ss:Name="Informações" ss:Id="Information" ss:Protected="1"><Table><Column ss:AutoFitWidth="0" ss:Width="160.5" /><Column ss:AutoFitWidth="0" ss:Width="231" /><Row ss:AutoFitHeight="0"><Cell ss:StyleID="s21"><Data ss:Type="String">ID da Organização:</Data></Cell><Cell ss:StyleID="s22"><Data ss:Type="String"></Data></Cell></Row><Row ss:AutoFitHeight="0"><Cell ss:StyleID="s21"><Data ss:Type="String">Exportada em:</Data></Cell><Cell ss:StyleID="s23"><Data ss:Type="DateTime">2023-11-22T20:18:04</Data></Cell></Row><Row ss:AutoFitHeight="0"><Cell ss:StyleID="s21"><Data ss:Type="String">Nome do idioma base:</Data></Cell><Cell ss:StyleID="s22"><Data ss:Type="String">português (Portugal)</Data></Cell></Row><Row ss:AutoFitHeight="0"><Cell ss:StyleID="s21"><Data ss:Type="String">ID do idioma base:</Data></Cell><Cell ss:StyleID="s22"><Data ss:Type="Number">2070</Data></Cell></Row><Row ss:AutoFitHeight="0"><Cell ss:StyleID="s21"><Data ss:Type="String">Nome da Solução:</Data></Cell><Cell ss:StyleID="s22"><Data ss:Type="String">LoanOnboardingStarterAnchor</Data></Cell></Row></Table><WorksheetOptions xmlns="urn:schemas-microsoft-com:office:excel"><ProtectObjects>False</ProtectObjects><ProtectScenarios>False</ProtectScenarios><AllowFormatCells /><AllowSizeCols /><AllowSizeRows /><AllowInsertCols /><AllowInsertRows /><AllowDeleteCols /><AllowDeleteRows /><AllowSort /><AllowFilter /><AllowUsePivotTables /></WorksheetOptions></Worksheet><Worksheet ss:Name="Cadeias de Apresentação" ss:Id="Display Strings" ss:Protected="1"><Table><Column ss:AutoFitWidth="0" ss:Width="105.75" /><Column ss:AutoFitWidth="0" ss:Width="258" /><Column ss:AutoFitWidth="0" ss:Width="90.75" ss:Span="2" /><Row ss:AutoFitHeight="0"><Cell ss:StyleID="s21"><Data ss:Type="String">Nome da entidade</Data></Cell><Cell ss:StyleID="s21"><Data ss:Type="String">Chave de Cadeia de Apresentação</Data></Cell><Cell ss:StyleID="s21"><Data ss:Type="Number">2070</Data></Cell></Row></Table><WorksheetOptions xmlns="urn:schemas-microsoft-com:office:excel"><Selected /><ProtectObjects>False</ProtectObjects><ProtectScenarios>False</ProtectScenarios><AllowFormatCells /><AllowSizeCols /><AllowSizeRows /><AllowInsertCols /><AllowInsertRows /><AllowDeleteCols /><AllowDeleteRows /><AllowSort /><AllowFilter /><AllowUsePivotTables /></WorksheetOptions></Worksheet><Worksheet ss:Name="Etiquetas Localizadas" ss:Id="Localized Labels" ss:Protected="1"><Table><Column ss:AutoFitWidth="0" ss:Width="105.75" /><Column ss:Width="224.25" /><Column ss:AutoFitWidth="0" ss:Width="105.75" /><Column ss:AutoFitWidth="0" ss:Width="114.75" ss:Span="2" /><Row ss:AutoFitHeight="0"><Cell ss:StyleID="s21"><Data ss:Type="String">Nome da entidade</Data></Cell><Cell ss:StyleID="s21"><Data ss:Type="String">ID de Objeto</Data></Cell><Cell ss:StyleID="s21"><Data ss:Type="String">Nome da Coluna do Objeto</Data></Cell><Cell ss:StyleID="s21"><Data ss:Type="Number">2070</Data></Cell></Row><Row ss:AutoFitHeight="0"><Cell ss:StyleID="s22"><Data ss:Type="String">Solution</Data></Cell><Cell ss:StyleID="s22"><Data ss:Type="String">c1b1ba05-095c-4b60-8193-3aaadf34d23b</Data></Cell><Cell ss:StyleID="s22"><Data ss:Type="String">friendlyname</Data></Cell><Cell ss:StyleID="s24"><Data ss:Type="String">Loan Onboarding Anchor (Preview)</Data></Cell></Row><Row ss:AutoFitHeight="0"><Cell ss:StyleID="s22"><Data ss:Type="String">Publisher</Data></Cell><Cell ss:StyleID="s22"><Data ss:Type="String">a811b6f8-b26d-471c-9d78-f1db98d31807</Data></Cell><Cell ss:StyleID="s22"><Data ss:Type="String">friendlyname</Data></Cell><Cell ss:StyleID="s24"><Data ss:Type="String">Microsoft_FSI</Data></Cell></Row><Row ss:AutoFitHeight="0"><Cell ss:StyleID="s22"><Data ss:Type="String">Publisher</Data></Cell><Cell ss:StyleID="s22"><Data ss:Type="String">a811b6f8-b26d-471c-9d78-f1db98d31807</Data></Cell><Cell ss:StyleID="s22"><Data ss:Type="String">description</Data></Cell><Cell ss:StyleID="s24"><Data ss:Type="String">Microsoft_FSI</Data></Cell></Row></Table><WorksheetOptions xmlns="urn:schemas-microsoft-com:office:excel"><Unsynced /><ProtectObjects>False</ProtectObjects><ProtectScenarios>False</ProtectScenarios><AllowFormatCells /><AllowSizeCols /><AllowSizeRows /><AllowInsertCols /><AllowInsertRows /><AllowDeleteCols /><AllowDeleteRows /><AllowSort /><AllowFilter /><AllowUsePivotTables /></WorksheetOptions></Worksheet></Workbook>