<?xml version="1.0"?>
<?mso-application progid="Excel.Sheet"?>
<Workbook xmlns="urn:schemas-microsoft-com:office:spreadsheet"
 xmlns:o="urn:schemas-microsoft-com:office:office"
 xmlns:x="urn:schemas-microsoft-com:office:excel"
 xmlns:ss="urn:schemas-microsoft-com:office:spreadsheet"
 xmlns:html="http://www.w3.org/TR/REC-html40">
 <DocumentProperties xmlns="urn:schemas-microsoft-com:office:office">
  <Version>16.00</Version>
 </DocumentProperties>
 <OfficeDocumentSettings xmlns="urn:schemas-microsoft-com:office:office">
  <AllowPNG/>
 </OfficeDocumentSettings>
 <ExcelWorkbook xmlns="urn:schemas-microsoft-com:office:excel">
  <WindowHeight>5184</WindowHeight>
  <WindowWidth>16632</WindowWidth>
  <WindowTopX>32767</WindowTopX>
  <WindowTopY>32767</WindowTopY>
  <ProtectStructure>False</ProtectStructure>
  <ProtectWindows>False</ProtectWindows>
 </ExcelWorkbook>
 <Styles>
  <Style ss:ID="Default" ss:Name="Normal">
   <Alignment ss:Vertical="Bottom"/>
   <Borders/>
   <Font ss:FontName="Calibri" x:Family="Swiss" ss:Size="11" ss:Color="#000000"/>
   <Interior/>
   <NumberFormat/>
   <Protection/>
  </Style>
  <Style ss:ID="s62">
   <Alignment ss:Horizontal="Left" ss:Vertical="Bottom"/>
   <Font ss:FontName="Calibri" x:Family="Swiss" ss:Size="11" ss:Color="#000000"
    ss:Bold="1"/>
   <Interior ss:Color="#CCCCFF" ss:Pattern="Solid"/>
   <Protection/>
  </Style>
  <Style ss:ID="s63">
   <Alignment ss:Horizontal="Left" ss:Vertical="Bottom"/>
   <Font ss:FontName="Calibri" x:Family="Swiss" ss:Size="11" ss:Color="#000000"/>
   <Interior ss:Color="#CCCCFF" ss:Pattern="Solid"/>
  </Style>
  <Style ss:ID="s64">
   <Alignment ss:Horizontal="Left" ss:Vertical="Bottom"/>
   <Interior ss:Color="#CCCCFF" ss:Pattern="Solid"/>
   <NumberFormat ss:Format="[$-409]m/d/yy\ h:mm\ AM/PM;@"/>
  </Style>
  <Style ss:ID="s65">
   <Alignment ss:Vertical="Bottom"/>
   <Borders/>
   <Font ss:FontName="Calibri" x:Family="Swiss" ss:Size="11" ss:Color="#000000"/>
   <Interior/>
   <NumberFormat/>
   <Protection ss:Protected="0"/>
  </Style>
 </Styles>
 <Worksheet ss:Name="資訊" ss:Protected="1" ss:Id="Information">
  <Table ss:ExpandedColumnCount="2" ss:ExpandedRowCount="5" x:FullColumns="1"
   x:FullRows="1" ss:DefaultRowHeight="14.4">
   <Column ss:AutoFitWidth="0" ss:Width="160.80000000000001"/>
   <Column ss:AutoFitWidth="0" ss:Width="231"/>
   <Row ss:AutoFitHeight="0">
    <Cell ss:StyleID="s62"><Data ss:Type="String">組織識別碼:</Data></Cell>
    <Cell ss:StyleID="s63"/>
   </Row>
   <Row ss:AutoFitHeight="0">
    <Cell ss:StyleID="s62"><Data ss:Type="String">匯出於:</Data></Cell>
    <Cell ss:StyleID="s64"><Data ss:Type="DateTime">2023-12-14T11:48:57.000</Data></Cell>
   </Row>
   <Row ss:AutoFitHeight="0">
    <Cell ss:StyleID="s62"><Data ss:Type="String">基礎語言名稱:</Data></Cell>
    <Cell ss:StyleID="s63"><Data ss:Type="String">中文(台灣)</Data></Cell>
   </Row>
   <Row ss:AutoFitHeight="0">
    <Cell ss:StyleID="s62"><Data ss:Type="String">基礎語言識別碼:</Data></Cell>
    <Cell ss:StyleID="s63"><Data ss:Type="Number">1028</Data></Cell>
   </Row>
   <Row ss:AutoFitHeight="0">
    <Cell ss:StyleID="s62"><Data ss:Type="String">解決方案名稱:</Data></Cell>
    <Cell ss:StyleID="s63"><Data ss:Type="String">DocumentIntelligenceCore</Data></Cell>
   </Row>
  </Table>
  <WorksheetOptions xmlns="urn:schemas-microsoft-com:office:excel">
   <Selected/>
   <Panes>
    <Pane>
     <Number>3</Number>
     <ActiveCol>1</ActiveCol>
    </Pane>
   </Panes>
   <ProtectObjects>True</ProtectObjects>
   <ProtectScenarios>True</ProtectScenarios>
   <AllowFormatCells/>
   <AllowSizeCols/>
   <AllowSizeRows/>
   <AllowInsertCols/>
   <AllowInsertRows/>
   <AllowDeleteCols/>
   <AllowDeleteRows/>
   <AllowSort/>
   <AllowFilter/>
   <AllowUsePivotTables/>
  </WorksheetOptions>
 </Worksheet>
 <Worksheet ss:Name="顯示字串" ss:Protected="1" ss:Id="Display Strings">
  <Table ss:ExpandedColumnCount="5" ss:ExpandedRowCount="1" x:FullColumns="1"
   x:FullRows="1" ss:DefaultRowHeight="14.4">
   <Column ss:AutoFitWidth="0" ss:Width="105.6"/>
   <Column ss:AutoFitWidth="0" ss:Width="258"/>
   <Column ss:AutoFitWidth="0" ss:Width="90.6" ss:Span="2"/>
   <Row ss:AutoFitHeight="0">
    <Cell ss:StyleID="s62"><Data ss:Type="String">實體名稱</Data></Cell>
    <Cell ss:StyleID="s62"><Data ss:Type="String">顯示字串機碼</Data></Cell>
    <Cell ss:StyleID="s62"><Data ss:Type="Number">1028</Data></Cell>
   </Row>
  </Table>
  <WorksheetOptions xmlns="urn:schemas-microsoft-com:office:excel">
   <ProtectObjects>False</ProtectObjects>
   <ProtectScenarios>False</ProtectScenarios>
   <AllowFormatCells/>
   <AllowSizeCols/>
   <AllowSizeRows/>
   <AllowInsertCols/>
   <AllowInsertRows/>
   <AllowDeleteCols/>
   <AllowDeleteRows/>
   <AllowSort/>
   <AllowFilter/>
   <AllowUsePivotTables/>
  </WorksheetOptions>
 </Worksheet>
 <Worksheet ss:Name="當地語系化標籤" ss:Protected="1" ss:Id="Localized Labels">
  <Table ss:ExpandedColumnCount="6" ss:ExpandedRowCount="40" x:FullColumns="1"
   x:FullRows="1" ss:DefaultRowHeight="14.4">
   <Column ss:AutoFitWidth="0" ss:Width="105.6"/>
   <Column ss:Width="224.4"/>
   <Column ss:AutoFitWidth="0" ss:Width="105.6"/>
   <Column ss:AutoFitWidth="0" ss:Width="114.6" ss:Span="2"/>
   <Row ss:AutoFitHeight="0">
    <Cell ss:StyleID="s62"><Data ss:Type="String">實體名稱</Data></Cell>
    <Cell ss:StyleID="s62"><Data ss:Type="String">物件識別碼</Data></Cell>
    <Cell ss:StyleID="s62"><Data ss:Type="String">物件欄名稱</Data></Cell>
    <Cell ss:StyleID="s62"><Data ss:Type="Number">1028</Data></Cell>
   </Row>
   <Row ss:AutoFitHeight="0">
    <Cell ss:StyleID="s63"><Data ss:Type="String">Solution</Data></Cell>
    <Cell ss:StyleID="s63"><Data ss:Type="String">edec3304-75e8-469e-b7fd-56e0ff2ba5d3</Data></Cell>
    <Cell ss:StyleID="s63"><Data ss:Type="String">friendlyname</Data></Cell>
    <Cell ss:StyleID="s65"><Data ss:Type="String">Document Intelligence Core (Preview)</Data></Cell>
   </Row>
   <Row ss:AutoFitHeight="0">
    <Cell ss:StyleID="s63"><Data ss:Type="String">Publisher</Data></Cell>
    <Cell ss:StyleID="s63"><Data ss:Type="String">5641084c-0767-47c4-a75b-9d87b3842871</Data></Cell>
    <Cell ss:StyleID="s63"><Data ss:Type="String">friendlyname</Data></Cell>
    <Cell ss:StyleID="s65"><Data ss:Type="String">Microsoft_FSI</Data></Cell>
   </Row>
   <Row ss:AutoFitHeight="0">
    <Cell ss:StyleID="s63"><Data ss:Type="String">Publisher</Data></Cell>
    <Cell ss:StyleID="s63"><Data ss:Type="String">5641084c-0767-47c4-a75b-9d87b3842871</Data></Cell>
    <Cell ss:StyleID="s63"><Data ss:Type="String">description</Data></Cell>
    <Cell ss:StyleID="s65"><Data ss:Type="String">Microsoft_FSI</Data></Cell>
   </Row>
   <Row ss:AutoFitHeight="0">
    <Cell ss:StyleID="s63"><Data ss:Type="String">Workflow Categories</Data></Cell>
    <Cell ss:StyleID="s63"><Data ss:Type="String">ba35f4f3-a7fa-ec11-82e5-000d3a182304</Data></Cell>
    <Cell ss:StyleID="s63"><Data ss:Type="String">name</Data></Cell>
    <Cell ss:StyleID="s65"><Data ss:Type="String">Pre pipeline step</Data></Cell>
   </Row>
   <Row ss:AutoFitHeight="0">
    <Cell ss:StyleID="s63"><Data ss:Type="String">Workflow Categories</Data></Cell>
    <Cell ss:StyleID="s63"><Data ss:Type="String">0be25b1f-a9fa-ec11-82e5-000d3a182304</Data></Cell>
    <Cell ss:StyleID="s63"><Data ss:Type="String">name</Data></Cell>
    <Cell ss:StyleID="s65"><Data ss:Type="String">Post pipeline step</Data></Cell>
   </Row>
   <Row ss:AutoFitHeight="0">
    <Cell ss:StyleID="s63"><Data ss:Type="String">Workflow Categories</Data></Cell>
    <Cell ss:StyleID="s63"><Data ss:Type="String">903157fb-ae64-ed11-9561-00224805c952</Data></Cell>
    <Cell ss:StyleID="s63"><Data ss:Type="String">name</Data></Cell>
    <Cell ss:StyleID="s65"><Data ss:Type="String">Document AI builder step</Data></Cell>
   </Row>
   <Row ss:AutoFitHeight="0">
    <Cell ss:StyleID="s63"><Data ss:Type="String">Workflow Categories</Data></Cell>
    <Cell ss:StyleID="s63"><Data ss:Type="String">c035fd97-3f6b-ed11-9561-00224805ce8f</Data></Cell>
    <Cell ss:StyleID="s63"><Data ss:Type="String">name</Data></Cell>
    <Cell ss:StyleID="s65"><Data ss:Type="String">Format extracted data AI builder</Data></Cell>
   </Row>
   <Row ss:AutoFitHeight="0">
    <Cell ss:StyleID="s63"><Data ss:Type="String">Workflow Categories</Data></Cell>
    <Cell ss:StyleID="s63"><Data ss:Type="String">9c2d7df1-96f7-ec11-bb3d-00224808c150</Data></Cell>
    <Cell ss:StyleID="s63"><Data ss:Type="String">name</Data></Cell>
    <Cell ss:StyleID="s65"><Data ss:Type="String">Main pipeline</Data></Cell>
   </Row>
   <Row ss:AutoFitHeight="0">
    <Cell ss:StyleID="s63"><Data ss:Type="String">Workflow Categories</Data></Cell>
    <Cell ss:StyleID="s63"><Data ss:Type="String">63364e6b-a8f7-ec11-bb3d-00224808c150</Data></Cell>
    <Cell ss:StyleID="s63"><Data ss:Type="String">name</Data></Cell>
    <Cell ss:StyleID="s65"><Data ss:Type="String">Pre pipeline</Data></Cell>
   </Row>
   <Row ss:AutoFitHeight="0">
    <Cell ss:StyleID="s63"><Data ss:Type="String">Workflow Categories</Data></Cell>
    <Cell ss:StyleID="s63"><Data ss:Type="String">155b58ac-aaf7-ec11-bb3d-00224808c150</Data></Cell>
    <Cell ss:StyleID="s63"><Data ss:Type="String">name</Data></Cell>
    <Cell ss:StyleID="s65"><Data ss:Type="String">Post pipeline</Data></Cell>
   </Row>
   <Row ss:AutoFitHeight="0">
    <Cell ss:StyleID="s63"><Data ss:Type="String">Workflow Categories</Data></Cell>
    <Cell ss:StyleID="s63"><Data ss:Type="String">d406b572-667f-ed11-81ad-0022482a4e0c</Data></Cell>
    <Cell ss:StyleID="s63"><Data ss:Type="String">name</Data></Cell>
    <Cell ss:StyleID="s65"><Data ss:Type="String">Get pipeline details</Data></Cell>
   </Row>
   <Row ss:AutoFitHeight="0">
    <Cell ss:StyleID="s63"><Data ss:Type="String">EnvironmentVariableDefinition</Data></Cell>
    <Cell ss:StyleID="s63"><Data ss:Type="String">91338280-d8b2-4d15-97ed-1922387e2e39</Data></Cell>
    <Cell ss:StyleID="s63"><Data ss:Type="String">description</Data></Cell>
    <Cell ss:StyleID="s65"><Data ss:Type="String">The file types that the documents process supports.</Data></Cell>
   </Row>
   <Row ss:AutoFitHeight="0">
    <Cell ss:StyleID="s63"><Data ss:Type="String">EnvironmentVariableDefinition</Data></Cell>
    <Cell ss:StyleID="s63"><Data ss:Type="String">91338280-d8b2-4d15-97ed-1922387e2e39</Data></Cell>
    <Cell ss:StyleID="s63"><Data ss:Type="String">displayname</Data></Cell>
    <Cell ss:StyleID="s65"><Data ss:Type="String">Supported file types</Data></Cell>
   </Row>
   <Row ss:AutoFitHeight="0">
    <Cell ss:StyleID="s63"><Data ss:Type="String">CustomAPI</Data></Cell>
    <Cell ss:StyleID="s63"><Data ss:Type="String">166dd3b9-c50d-43ca-8873-36073ead822a</Data></Cell>
    <Cell ss:StyleID="s63"><Data ss:Type="String">description</Data></Cell>
    <Cell ss:StyleID="s65"><Data ss:Type="String">Delete document's related records, possibly delete the request.</Data></Cell>
   </Row>
   <Row ss:AutoFitHeight="0">
    <Cell ss:StyleID="s63"><Data ss:Type="String">CustomAPI</Data></Cell>
    <Cell ss:StyleID="s63"><Data ss:Type="String">166dd3b9-c50d-43ca-8873-36073ead822a</Data></Cell>
    <Cell ss:StyleID="s63"><Data ss:Type="String">displayname</Data></Cell>
    <Cell ss:StyleID="s65"><Data ss:Type="String">Delete document</Data></Cell>
   </Row>
   <Row ss:AutoFitHeight="0">
    <Cell ss:StyleID="s63"><Data ss:Type="String">CustomAPI</Data></Cell>
    <Cell ss:StyleID="s63"><Data ss:Type="String">7d50ed09-53cd-4c4e-9333-a3f748e94c1a</Data></Cell>
    <Cell ss:StyleID="s63"><Data ss:Type="String">description</Data></Cell>
    <Cell ss:StyleID="s65"><Data ss:Type="String">Upload new document to an existing document request.</Data></Cell>
   </Row>
   <Row ss:AutoFitHeight="0">
    <Cell ss:StyleID="s63"><Data ss:Type="String">CustomAPI</Data></Cell>
    <Cell ss:StyleID="s63"><Data ss:Type="String">7d50ed09-53cd-4c4e-9333-a3f748e94c1a</Data></Cell>
    <Cell ss:StyleID="s63"><Data ss:Type="String">displayname</Data></Cell>
    <Cell ss:StyleID="s65"><Data ss:Type="String">Upload document</Data></Cell>
   </Row>
   <Row ss:AutoFitHeight="0">
    <Cell ss:StyleID="s63"><Data ss:Type="String">CustomAPIRequestParameter</Data></Cell>
    <Cell ss:StyleID="s63"><Data ss:Type="String">1a17496f-456e-4c70-af26-6ae92028644b</Data></Cell>
    <Cell ss:StyleID="s63"><Data ss:Type="String">displayname</Data></Cell>
    <Cell ss:StyleID="s65"><Data ss:Type="String">File name</Data></Cell>
   </Row>
   <Row ss:AutoFitHeight="0">
    <Cell ss:StyleID="s63"><Data ss:Type="String">CustomAPIRequestParameter</Data></Cell>
    <Cell ss:StyleID="s63"><Data ss:Type="String">1a17496f-456e-4c70-af26-6ae92028644b</Data></Cell>
    <Cell ss:StyleID="s63"><Data ss:Type="String">description</Data></Cell>
    <Cell ss:StyleID="s65"><Data ss:Type="String">The name of the file.</Data></Cell>
   </Row>
   <Row ss:AutoFitHeight="0">
    <Cell ss:StyleID="s63"><Data ss:Type="String">CustomAPIRequestParameter</Data></Cell>
    <Cell ss:StyleID="s63"><Data ss:Type="String">b6feea2c-74ef-4412-b421-6cd0566f5afb</Data></Cell>
    <Cell ss:StyleID="s63"><Data ss:Type="String">displayname</Data></Cell>
    <Cell ss:StyleID="s65"><Data ss:Type="String">Delete request</Data></Cell>
   </Row>
   <Row ss:AutoFitHeight="0">
    <Cell ss:StyleID="s63"><Data ss:Type="String">CustomAPIRequestParameter</Data></Cell>
    <Cell ss:StyleID="s63"><Data ss:Type="String">b6feea2c-74ef-4412-b421-6cd0566f5afb</Data></Cell>
    <Cell ss:StyleID="s63"><Data ss:Type="String">description</Data></Cell>
    <Cell ss:StyleID="s65"><Data ss:Type="String">Flag to indicates whether to delete the request.</Data></Cell>
   </Row>
   <Row ss:AutoFitHeight="0">
    <Cell ss:StyleID="s63"><Data ss:Type="String">CustomAPIRequestParameter</Data></Cell>
    <Cell ss:StyleID="s63"><Data ss:Type="String">1594e6a8-b2b0-4c27-bc52-7d059a277484</Data></Cell>
    <Cell ss:StyleID="s63"><Data ss:Type="String">displayname</Data></Cell>
    <Cell ss:StyleID="s65"><Data ss:Type="String">File body</Data></Cell>
   </Row>
   <Row ss:AutoFitHeight="0">
    <Cell ss:StyleID="s63"><Data ss:Type="String">CustomAPIRequestParameter</Data></Cell>
    <Cell ss:StyleID="s63"><Data ss:Type="String">1594e6a8-b2b0-4c27-bc52-7d059a277484</Data></Cell>
    <Cell ss:StyleID="s63"><Data ss:Type="String">description</Data></Cell>
    <Cell ss:StyleID="s65"><Data ss:Type="String">The content of the file in base 64 string format.</Data></Cell>
   </Row>
   <Row ss:AutoFitHeight="0">
    <Cell ss:StyleID="s63"><Data ss:Type="String">CustomAPIRequestParameter</Data></Cell>
    <Cell ss:StyleID="s63"><Data ss:Type="String">e8701979-61ee-4d9b-9c46-ef53597fad80</Data></Cell>
    <Cell ss:StyleID="s63"><Data ss:Type="String">displayname</Data></Cell>
    <Cell ss:StyleID="s65"><Data ss:Type="String">File type</Data></Cell>
   </Row>
   <Row ss:AutoFitHeight="0">
    <Cell ss:StyleID="s63"><Data ss:Type="String">CustomAPIRequestParameter</Data></Cell>
    <Cell ss:StyleID="s63"><Data ss:Type="String">e8701979-61ee-4d9b-9c46-ef53597fad80</Data></Cell>
    <Cell ss:StyleID="s63"><Data ss:Type="String">description</Data></Cell>
    <Cell ss:StyleID="s65"><Data ss:Type="String">The type of the file. Supported types: image/jpeg, image/png, application/pdf</Data></Cell>
   </Row>
   <Row ss:AutoFitHeight="0">
    <Cell ss:StyleID="s63"><Data ss:Type="String">CustomAPIResponseProperty</Data></Cell>
    <Cell ss:StyleID="s63"><Data ss:Type="String">369f2617-6f2d-4aa8-a9d6-2ded89c57633</Data></Cell>
    <Cell ss:StyleID="s63"><Data ss:Type="String">displayname</Data></Cell>
    <Cell ss:StyleID="s65"><Data ss:Type="String">Document request id</Data></Cell>
   </Row>
   <Row ss:AutoFitHeight="0">
    <Cell ss:StyleID="s63"><Data ss:Type="String">CustomAPIResponseProperty</Data></Cell>
    <Cell ss:StyleID="s63"><Data ss:Type="String">369f2617-6f2d-4aa8-a9d6-2ded89c57633</Data></Cell>
    <Cell ss:StyleID="s63"><Data ss:Type="String">description</Data></Cell>
    <Cell ss:StyleID="s65"><Data ss:Type="String">Document request id.</Data></Cell>
   </Row>
   <Row ss:AutoFitHeight="0">
    <Cell ss:StyleID="s63"><Data ss:Type="String">CustomAPIResponseProperty</Data></Cell>
    <Cell ss:StyleID="s63"><Data ss:Type="String">c869021f-ebc9-48a1-8c37-3e821b595421</Data></Cell>
    <Cell ss:StyleID="s63"><Data ss:Type="String">displayname</Data></Cell>
    <Cell ss:StyleID="s65"><Data ss:Type="String">Document request id</Data></Cell>
   </Row>
   <Row ss:AutoFitHeight="0">
    <Cell ss:StyleID="s63"><Data ss:Type="String">CustomAPIResponseProperty</Data></Cell>
    <Cell ss:StyleID="s63"><Data ss:Type="String">c869021f-ebc9-48a1-8c37-3e821b595421</Data></Cell>
    <Cell ss:StyleID="s63"><Data ss:Type="String">description</Data></Cell>
    <Cell ss:StyleID="s65"><Data ss:Type="String">Document request id</Data></Cell>
   </Row>
   <Row ss:AutoFitHeight="0">
    <Cell ss:StyleID="s63"><Data ss:Type="String">CustomAPIResponseProperty</Data></Cell>
    <Cell ss:StyleID="s63"><Data ss:Type="String">d7b98b7d-5a92-445d-92b1-7ef917b4483e</Data></Cell>
    <Cell ss:StyleID="s63"><Data ss:Type="String">displayname</Data></Cell>
    <Cell ss:StyleID="s65"><Data ss:Type="String">Document id</Data></Cell>
   </Row>
   <Row ss:AutoFitHeight="0">
    <Cell ss:StyleID="s63"><Data ss:Type="String">CustomAPIResponseProperty</Data></Cell>
    <Cell ss:StyleID="s63"><Data ss:Type="String">d7b98b7d-5a92-445d-92b1-7ef917b4483e</Data></Cell>
    <Cell ss:StyleID="s63"><Data ss:Type="String">description</Data></Cell>
    <Cell ss:StyleID="s65"><Data ss:Type="String">Id of the document related to the request.</Data></Cell>
   </Row>
   <Row ss:AutoFitHeight="0">
    <Cell ss:StyleID="s63"><Data ss:Type="String">CustomAPIResponseProperty</Data></Cell>
    <Cell ss:StyleID="s63"><Data ss:Type="String">49a12f23-decc-409c-91d9-f1a40bc742cf</Data></Cell>
    <Cell ss:StyleID="s63"><Data ss:Type="String">displayname</Data></Cell>
    <Cell ss:StyleID="s65"><Data ss:Type="String">Annotation id</Data></Cell>
   </Row>
   <Row ss:AutoFitHeight="0">
    <Cell ss:StyleID="s63"><Data ss:Type="String">CustomAPIResponseProperty</Data></Cell>
    <Cell ss:StyleID="s63"><Data ss:Type="String">49a12f23-decc-409c-91d9-f1a40bc742cf</Data></Cell>
    <Cell ss:StyleID="s63"><Data ss:Type="String">description</Data></Cell>
    <Cell ss:StyleID="s65"><Data ss:Type="String">Id of the annotation related to the request.</Data></Cell>
   </Row>
   <Row ss:AutoFitHeight="0">
    <Cell ss:StyleID="s63"><Data ss:Type="String">msfsi_pipelinedocumentstatemessage</Data></Cell>
    <Cell ss:StyleID="s63"><Data ss:Type="String">8919dbf0-0c72-48a7-9c43-31d4b63f4456</Data></Cell>
    <Cell ss:StyleID="s63"><Data ss:Type="String">msfsi_statetext</Data></Cell>
    <Cell ss:StyleID="s65"><Data ss:Type="String">Recommend that you reject the document</Data></Cell>
   </Row>
   <Row ss:AutoFitHeight="0">
    <Cell ss:StyleID="s63"><Data ss:Type="String">msfsi_pipelinedocumentstatemessage</Data></Cell>
    <Cell ss:StyleID="s63"><Data ss:Type="String">8919dbf0-0c72-48a7-9c43-31d4b63f4456</Data></Cell>
    <Cell ss:StyleID="s63"><Data ss:Type="String">msfsi_statedescription</Data></Cell>
    <Cell ss:StyleID="s65"><Data ss:Type="String">This document doesn’t meet the criteria needed for approval.</Data></Cell>
   </Row>
   <Row ss:AutoFitHeight="0">
    <Cell ss:StyleID="s63"><Data ss:Type="String">msfsi_pipelinedocumentstatemessage</Data></Cell>
    <Cell ss:StyleID="s63"><Data ss:Type="String">cb9613e5-1910-4260-8d45-0d75e4f25ab5</Data></Cell>
    <Cell ss:StyleID="s63"><Data ss:Type="String">msfsi_statetext</Data></Cell>
    <Cell ss:StyleID="s65"><Data ss:Type="String">Recommend that you approve the document</Data></Cell>
   </Row>
   <Row ss:AutoFitHeight="0">
    <Cell ss:StyleID="s63"><Data ss:Type="String">msfsi_pipelinedocumentstatemessage</Data></Cell>
    <Cell ss:StyleID="s63"><Data ss:Type="String">cb9613e5-1910-4260-8d45-0d75e4f25ab5</Data></Cell>
    <Cell ss:StyleID="s63"><Data ss:Type="String">msfsi_statedescription</Data></Cell>
    <Cell ss:StyleID="s65"><Data ss:Type="String">This document meets the criteria needed for approval.</Data></Cell>
   </Row>
   <Row ss:AutoFitHeight="0">
    <Cell ss:StyleID="s63"><Data ss:Type="String">msfsi_pipelinedocumentstatemessage</Data></Cell>
    <Cell ss:StyleID="s63"><Data ss:Type="String">d33fc728-c1e9-4267-acdb-c3bbea9eefcb</Data></Cell>
    <Cell ss:StyleID="s63"><Data ss:Type="String">msfsi_statetext</Data></Cell>
    <Cell ss:StyleID="s65"><Data ss:Type="String">Recommend that you manually review the document</Data></Cell>
   </Row>
   <Row ss:AutoFitHeight="0">
    <Cell ss:StyleID="s63"><Data ss:Type="String">msfsi_pipelinedocumentstatemessage</Data></Cell>
    <Cell ss:StyleID="s63"><Data ss:Type="String">d33fc728-c1e9-4267-acdb-c3bbea9eefcb</Data></Cell>
    <Cell ss:StyleID="s63"><Data ss:Type="String">msfsi_statedescription</Data></Cell>
    <Cell ss:StyleID="s65"><Data ss:Type="String">This document doesn’t seem to meet some of the criteria needed for approval, but may still be correct. Please review it once before making a decision.</Data></Cell>
   </Row>
  </Table>
  <WorksheetOptions xmlns="urn:schemas-microsoft-com:office:excel">
   <ProtectObjects>False</ProtectObjects>
   <ProtectScenarios>False</ProtectScenarios>
   <AllowFormatCells/>
   <AllowSizeCols/>
   <AllowSizeRows/>
   <AllowInsertCols/>
   <AllowInsertRows/>
   <AllowDeleteCols/>
   <AllowDeleteRows/>
   <AllowSort/>
   <AllowFilter/>
   <AllowUsePivotTables/>
  </WorksheetOptions>
 </Worksheet>
</Workbook>
