<?xml version="1.0"?><?mso-application progid="Excel.Sheet"?><Workbook xmlns="urn:schemas-microsoft-com:office:spreadsheet" xmlns:o="urn:schemas-microsoft-com:office:office" xmlns:x="urn:schemas-microsoft-com:office:excel" xmlns:ss="urn:schemas-microsoft-com:office:spreadsheet" xmlns:html="http://www.w3.org/TR/REC-html40"><DocumentProperties xmlns="urn:schemas-microsoft-com:office:office"></DocumentProperties><ExcelWorkbook xmlns="urn:schemas-microsoft-com:office:excel"><ActiveSheet>0</ActiveSheet><ProtectStructure>False</ProtectStructure><ProtectWindows>False</ProtectWindows></ExcelWorkbook><Styles><Style ss:ID="Default" ss:Name="Normal"><Alignment ss:Vertical="Bottom" /><Borders /><Font ss:FontName="Calibri" x:Family="Swiss" ss:Size="11" ss:Color="#000000" /><Interior /><NumberFormat /><Protection /></Style><Style ss:ID="s21"><Alignment ss:Horizontal="Left" ss:Vertical="Bottom" /><Font ss:FontName="Calibri" x:Family="Swiss" ss:Size="11" ss:Color="#000000" ss:Bold="1" /><Interior ss:Color="#CCCCFF" ss:Pattern="Solid" /><Protection /></Style><Style ss:ID="s22"><Alignment ss:Horizontal="Left" ss:Vertical="Bottom" /><Font ss:FontName="Calibri" x:Family="Swiss" ss:Size="11" ss:Color="#000000" /><Interior ss:Color="#CCCCFF" ss:Pattern="Solid" /></Style><Style ss:ID="s23"><Alignment ss:Horizontal="Left" ss:Vertical="Bottom" /><Interior ss:Color="#CCCCFF" ss:Pattern="Solid" /><NumberFormat ss:Format="[$-409]m/d/yy\ h:mm\ AM/PM;@" /></Style><Style ss:ID="s24"><Alignment ss:Vertical="Bottom" /><Borders /><Font ss:FontName="Calibri" x:Family="Swiss" ss:Size="11" ss:Color="#000000" /><Interior /><NumberFormat /><Protection ss:Protected="0" /></Style></Styles><Worksheet ss:Name="Información" ss:Id="Information" ss:Protected="1"><Table><Column ss:AutoFitWidth="0" ss:Width="160.5" /><Column ss:AutoFitWidth="0" ss:Width="231" /><Row ss:AutoFitHeight="0"><Cell ss:StyleID="s21"><Data ss:Type="String">Id. de la organización:</Data></Cell><Cell ss:StyleID="s22"><Data ss:Type="String"></Data></Cell></Row><Row ss:AutoFitHeight="0"><Cell ss:StyleID="s21"><Data ss:Type="String">Exportado el:</Data></Cell><Cell ss:StyleID="s23"><Data ss:Type="DateTime">2023-11-22T20:31:27</Data></Cell></Row><Row ss:AutoFitHeight="0"><Cell ss:StyleID="s21"><Data ss:Type="String">Nombre del idioma base:</Data></Cell><Cell ss:StyleID="s22"><Data ss:Type="String">español (España, alfabetización internacional)</Data></Cell></Row><Row ss:AutoFitHeight="0"><Cell ss:StyleID="s21"><Data ss:Type="String">Identificador del idioma base:</Data></Cell><Cell ss:StyleID="s22"><Data ss:Type="Number">3082</Data></Cell></Row><Row ss:AutoFitHeight="0"><Cell ss:StyleID="s21"><Data ss:Type="String">Nombre de la solución:</Data></Cell><Cell ss:StyleID="s22"><Data ss:Type="String">LoanOnboardingStarterRibbon</Data></Cell></Row></Table><WorksheetOptions xmlns="urn:schemas-microsoft-com:office:excel"><ProtectObjects>False</ProtectObjects><ProtectScenarios>False</ProtectScenarios><AllowFormatCells /><AllowSizeCols /><AllowSizeRows /><AllowInsertCols /><AllowInsertRows /><AllowDeleteCols /><AllowDeleteRows /><AllowSort /><AllowFilter /><AllowUsePivotTables /></WorksheetOptions></Worksheet><Worksheet ss:Name="Cadenas para mostrar" ss:Id="Display Strings" ss:Protected="1"><Table><Column ss:AutoFitWidth="0" ss:Width="105.75" /><Column ss:AutoFitWidth="0" ss:Width="258" /><Column ss:AutoFitWidth="0" ss:Width="90.75" ss:Span="2" /><Row ss:AutoFitHeight="0"><Cell ss:StyleID="s21"><Data ss:Type="String">Nombre de entidad</Data></Cell><Cell ss:StyleID="s21"><Data ss:Type="String">Clave de cadena para mostrar</Data></Cell><Cell ss:StyleID="s21"><Data ss:Type="Number">3082</Data></Cell></Row></Table><WorksheetOptions xmlns="urn:schemas-microsoft-com:office:excel"><Selected /><ProtectObjects>False</ProtectObjects><ProtectScenarios>False</ProtectScenarios><AllowFormatCells /><AllowSizeCols /><AllowSizeRows /><AllowInsertCols /><AllowInsertRows /><AllowDeleteCols /><AllowDeleteRows /><AllowSort /><AllowFilter /><AllowUsePivotTables /></WorksheetOptions></Worksheet><Worksheet ss:Name="Etiquetas localizadas" ss:Id="Localized Labels" ss:Protected="1"><Table><Column ss:AutoFitWidth="0" ss:Width="105.75" /><Column ss:Width="224.25" /><Column ss:AutoFitWidth="0" ss:Width="105.75" /><Column ss:AutoFitWidth="0" ss:Width="114.75" ss:Span="2" /><Row ss:AutoFitHeight="0"><Cell ss:StyleID="s21"><Data ss:Type="String">Nombre de entidad</Data></Cell><Cell ss:StyleID="s21"><Data ss:Type="String">Identificador de objeto</Data></Cell><Cell ss:StyleID="s21"><Data ss:Type="String">Nombre de la columna de objeto</Data></Cell><Cell ss:StyleID="s21"><Data ss:Type="Number">3082</Data></Cell></Row><Row ss:AutoFitHeight="0"><Cell ss:StyleID="s22"><Data ss:Type="String">Solution</Data></Cell><Cell ss:StyleID="s22"><Data ss:Type="String">e8c76689-9e1a-4bb7-a49d-4e9de9f71e16</Data></Cell><Cell ss:StyleID="s22"><Data ss:Type="String">friendlyname</Data></Cell><Cell ss:StyleID="s24"><Data ss:Type="String">Loan Onboarding Ribbon (Preview)</Data></Cell></Row><Row ss:AutoFitHeight="0"><Cell ss:StyleID="s22"><Data ss:Type="String">Publisher</Data></Cell><Cell ss:StyleID="s22"><Data ss:Type="String">d2d6fe1f-79ca-4a23-936d-d8823ece8957</Data></Cell><Cell ss:StyleID="s22"><Data ss:Type="String">friendlyname</Data></Cell><Cell ss:StyleID="s24"><Data ss:Type="String">Microsoft_FSI</Data></Cell></Row><Row ss:AutoFitHeight="0"><Cell ss:StyleID="s22"><Data ss:Type="String">Publisher</Data></Cell><Cell ss:StyleID="s22"><Data ss:Type="String">d2d6fe1f-79ca-4a23-936d-d8823ece8957</Data></Cell><Cell ss:StyleID="s22"><Data ss:Type="String">description</Data></Cell><Cell ss:StyleID="s24"><Data ss:Type="String">Microsoft_FSI</Data></Cell></Row><Row ss:AutoFitHeight="0"><Cell ss:StyleID="s22"><Data ss:Type="String">msfsi_application</Data></Cell><Cell ss:StyleID="s22"><Data ss:Type="String">7549a9ce-e45f-427e-abdf-a1ef2a01266c</Data></Cell><Cell ss:StyleID="s22"><Data ss:Type="String">LocalizedCollectionName</Data></Cell><Cell ss:StyleID="s24"><Data ss:Type="String">Applications</Data></Cell></Row><Row ss:AutoFitHeight="0"><Cell ss:StyleID="s22"><Data ss:Type="String">msfsi_application</Data></Cell><Cell ss:StyleID="s22"><Data ss:Type="String">7549a9ce-e45f-427e-abdf-a1ef2a01266c</Data></Cell><Cell ss:StyleID="s22"><Data ss:Type="String">LocalizedName</Data></Cell><Cell ss:StyleID="s24"><Data ss:Type="String">Application</Data></Cell></Row><Row ss:AutoFitHeight="0"><Cell ss:StyleID="s22"><Data ss:Type="String">msfsi_application</Data></Cell><Cell ss:StyleID="s22"><Data ss:Type="String">ed509fee-421e-4930-9b3d-b0082c34b203</Data></Cell><Cell ss:StyleID="s22"><Data ss:Type="String">Description</Data></Cell><Cell ss:StyleID="s24"><Data ss:Type="String">Número de versión</Data></Cell></Row><Row ss:AutoFitHeight="0"><Cell ss:StyleID="s22"><Data ss:Type="String">msfsi_application</Data></Cell><Cell ss:StyleID="s22"><Data ss:Type="String">ed509fee-421e-4930-9b3d-b0082c34b203</Data></Cell><Cell ss:StyleID="s22"><Data ss:Type="String">DisplayName</Data></Cell><Cell ss:StyleID="s24"><Data ss:Type="String">Número de versión</Data></Cell></Row><Row ss:AutoFitHeight="0"><Cell ss:StyleID="s22"><Data ss:Type="String">msfsi_application</Data></Cell><Cell ss:StyleID="s22"><Data ss:Type="String">bd52f322-31bf-4a73-9253-3ce0046b87ec</Data></Cell><Cell ss:StyleID="s22"><Data ss:Type="String">Description</Data></Cell><Cell ss:StyleID="s24"><Data ss:Type="String">Date and time when the record was created.</Data></Cell></Row><Row ss:AutoFitHeight="0"><Cell ss:StyleID="s22"><Data ss:Type="String">msfsi_application</Data></Cell><Cell ss:StyleID="s22"><Data ss:Type="String">bd52f322-31bf-4a73-9253-3ce0046b87ec</Data></Cell><Cell ss:StyleID="s22"><Data ss:Type="String">DisplayName</Data></Cell><Cell ss:StyleID="s24"><Data ss:Type="String">Created On</Data></Cell></Row><Row ss:AutoFitHeight="0"><Cell ss:StyleID="s22"><Data ss:Type="String">msfsi_application</Data></Cell><Cell ss:StyleID="s22"><Data ss:Type="String">b174cf30-e462-4eca-9980-4b508aeb733f</Data></Cell><Cell ss:StyleID="s22"><Data ss:Type="String">Description</Data></Cell><Cell ss:StyleID="s24"><Data ss:Type="String">Placeholder for selected tasks group</Data></Cell></Row><Row ss:AutoFitHeight="0"><Cell ss:StyleID="s22"><Data ss:Type="String">msfsi_application</Data></Cell><Cell ss:StyleID="s22"><Data ss:Type="String">b174cf30-e462-4eca-9980-4b508aeb733f</Data></Cell><Cell ss:StyleID="s22"><Data ss:Type="String">DisplayName</Data></Cell><Cell ss:StyleID="s24"><Data ss:Type="String">Selected tasks group placeholder</Data></Cell></Row><Row ss:AutoFitHeight="0"><Cell ss:StyleID="s22"><Data ss:Type="String">msfsi_application</Data></Cell><Cell ss:StyleID="s22"><Data ss:Type="String">c6145113-c73e-4323-b096-f31f13a9acda</Data></Cell><Cell ss:StyleID="s22"><Data ss:Type="String">Description</Data></Cell><Cell ss:StyleID="s24"><Data ss:Type="String">The business scenario of the application.</Data></Cell></Row><Row ss:AutoFitHeight="0"><Cell ss:StyleID="s22"><Data ss:Type="String">msfsi_application</Data></Cell><Cell ss:StyleID="s22"><Data ss:Type="String">c6145113-c73e-4323-b096-f31f13a9acda</Data></Cell><Cell ss:StyleID="s22"><Data ss:Type="String">DisplayName</Data></Cell><Cell ss:StyleID="s24"><Data ss:Type="String">Business scenario</Data></Cell></Row><Row ss:AutoFitHeight="0"><Cell ss:StyleID="s22"><Data ss:Type="String">msfsi_application</Data></Cell><Cell ss:StyleID="s22"><Data ss:Type="String">64254be8-39bf-4c7e-8494-9a4c8e89c5f1</Data></Cell><Cell ss:StyleID="s22"><Data ss:Type="String">Description</Data></Cell><Cell ss:StyleID="s24"><Data ss:Type="String">Placeholder for onboarding application app</Data></Cell></Row><Row ss:AutoFitHeight="0"><Cell ss:StyleID="s22"><Data ss:Type="String">msfsi_application</Data></Cell><Cell ss:StyleID="s22"><Data ss:Type="String">64254be8-39bf-4c7e-8494-9a4c8e89c5f1</Data></Cell><Cell ss:StyleID="s22"><Data ss:Type="String">DisplayName</Data></Cell><Cell ss:StyleID="s24"><Data ss:Type="String">Applicant list placeholder</Data></Cell></Row><Row ss:AutoFitHeight="0"><Cell ss:StyleID="s22"><Data ss:Type="String">msfsi_application</Data></Cell><Cell ss:StyleID="s22"><Data ss:Type="String">3b06f473-d517-4876-942e-3a37f050789a</Data></Cell><Cell ss:StyleID="s22"><Data ss:Type="String">DisplayName</Data></Cell><Cell ss:StyleID="s24"><Data ss:Type="String">Term (months)</Data></Cell></Row><Row ss:AutoFitHeight="0"><Cell ss:StyleID="s22"><Data ss:Type="String">msfsi_application</Data></Cell><Cell ss:StyleID="s22"><Data ss:Type="String">22133a33-a8d1-4932-9c25-320064e597ce</Data></Cell><Cell ss:StyleID="s22"><Data ss:Type="String">Description</Data></Cell><Cell ss:StyleID="s24"><Data ss:Type="String">Tipo de identificador de propietario</Data></Cell></Row><Row ss:AutoFitHeight="0"><Cell ss:StyleID="s22"><Data ss:Type="String">msfsi_application</Data></Cell><Cell ss:StyleID="s22"><Data ss:Type="String">03221202-58fa-4eae-915a-e2aa823c1b20</Data></Cell><Cell ss:StyleID="s22"><Data ss:Type="String">Description</Data></Cell><Cell ss:StyleID="s24"><Data ss:Type="String">Unique identifier of the delegate user who created the record.</Data></Cell></Row><Row ss:AutoFitHeight="0"><Cell ss:StyleID="s22"><Data ss:Type="String">msfsi_application</Data></Cell><Cell ss:StyleID="s22"><Data ss:Type="String">03221202-58fa-4eae-915a-e2aa823c1b20</Data></Cell><Cell ss:StyleID="s22"><Data ss:Type="String">DisplayName</Data></Cell><Cell ss:StyleID="s24"><Data ss:Type="String">Created By (Delegate)</Data></Cell></Row><Row ss:AutoFitHeight="0"><Cell ss:StyleID="s22"><Data ss:Type="String">msfsi_application</Data></Cell><Cell ss:StyleID="s22"><Data ss:Type="String">852f0498-9b5e-4255-8ec7-35b5c4eb8365</Data></Cell><Cell ss:StyleID="s22"><Data ss:Type="String">Description</Data></Cell><Cell ss:StyleID="s24"><Data ss:Type="String">Nombre del propietario</Data></Cell></Row><Row ss:AutoFitHeight="0"><Cell ss:StyleID="s22"><Data ss:Type="String">msfsi_application</Data></Cell><Cell ss:StyleID="s22"><Data ss:Type="String">2f0a2ab0-d1fd-4e3a-97a2-bf147f8ed7c4</Data></Cell><Cell ss:StyleID="s22"><Data ss:Type="String">Description</Data></Cell><Cell ss:StyleID="s24"><Data ss:Type="String">Date and time that the record was migrated.</Data></Cell></Row><Row ss:AutoFitHeight="0"><Cell ss:StyleID="s22"><Data ss:Type="String">msfsi_application</Data></Cell><Cell ss:StyleID="s22"><Data ss:Type="String">2f0a2ab0-d1fd-4e3a-97a2-bf147f8ed7c4</Data></Cell><Cell ss:StyleID="s22"><Data ss:Type="String">DisplayName</Data></Cell><Cell ss:StyleID="s24"><Data ss:Type="String">Record Created On</Data></Cell></Row><Row ss:AutoFitHeight="0"><Cell ss:StyleID="s22"><Data ss:Type="String">msfsi_application</Data></Cell><Cell ss:StyleID="s22"><Data ss:Type="String">b5138411-7d40-43f5-ae3c-9796b1dc8cd3</Data></Cell><Cell ss:StyleID="s22"><Data ss:Type="String">Description</Data></Cell><Cell ss:StyleID="s24"><Data ss:Type="String">The type of the requested loan.</Data></Cell></Row><Row ss:AutoFitHeight="0"><Cell ss:StyleID="s22"><Data ss:Type="String">msfsi_application</Data></Cell><Cell ss:StyleID="s22"><Data ss:Type="String">b5138411-7d40-43f5-ae3c-9796b1dc8cd3</Data></Cell><Cell ss:StyleID="s22"><Data ss:Type="String">DisplayName</Data></Cell><Cell ss:StyleID="s24"><Data ss:Type="String">Type</Data></Cell></Row><Row ss:AutoFitHeight="0"><Cell ss:StyleID="s22"><Data ss:Type="String">msfsi_application</Data></Cell><Cell ss:StyleID="s22"><Data ss:Type="String">685d7738-7315-418b-ad9e-52cca6897198</Data></Cell><Cell ss:StyleID="s22"><Data ss:Type="String">Description</Data></Cell><Cell ss:StyleID="s24"><Data ss:Type="String">The primary application contact of the .</Data></Cell></Row><Row ss:AutoFitHeight="0"><Cell ss:StyleID="s22"><Data ss:Type="String">msfsi_application</Data></Cell><Cell ss:StyleID="s22"><Data ss:Type="String">685d7738-7315-418b-ad9e-52cca6897198</Data></Cell><Cell ss:StyleID="s22"><Data ss:Type="String">DisplayName</Data></Cell><Cell ss:StyleID="s24"><Data ss:Type="String">Primary applicant</Data></Cell></Row><Row ss:AutoFitHeight="0"><Cell ss:StyleID="s22"><Data ss:Type="String">msfsi_application</Data></Cell><Cell ss:StyleID="s22"><Data ss:Type="String">bbf99c0b-cd82-4fa0-892e-8481e37c97bd</Data></Cell><Cell ss:StyleID="s22"><Data ss:Type="String">Description</Data></Cell><Cell ss:StyleID="s24"><Data ss:Type="String">Tipo de cambio de la divisa asociada a la entidad con respecto a la divisa base.</Data></Cell></Row><Row ss:AutoFitHeight="0"><Cell ss:StyleID="s22"><Data ss:Type="String">msfsi_application</Data></Cell><Cell ss:StyleID="s22"><Data ss:Type="String">bbf99c0b-cd82-4fa0-892e-8481e37c97bd</Data></Cell><Cell ss:StyleID="s22"><Data ss:Type="String">DisplayName</Data></Cell><Cell ss:StyleID="s24"><Data ss:Type="String">Tipo de cambio</Data></Cell></Row><Row ss:AutoFitHeight="0"><Cell ss:StyleID="s22"><Data ss:Type="String">msfsi_application</Data></Cell><Cell ss:StyleID="s22"><Data ss:Type="String">64047540-6468-41ec-9a27-bf9527d656d4</Data></Cell><Cell ss:StyleID="s22"><Data ss:Type="String">Description</Data></Cell><Cell ss:StyleID="s24"><Data ss:Type="String">Value of the Principal amount in base currency.</Data></Cell></Row><Row ss:AutoFitHeight="0"><Cell ss:StyleID="s22"><Data ss:Type="String">msfsi_application</Data></Cell><Cell ss:StyleID="s22"><Data ss:Type="String">64047540-6468-41ec-9a27-bf9527d656d4</Data></Cell><Cell ss:StyleID="s22"><Data ss:Type="String">DisplayName</Data></Cell><Cell ss:StyleID="s24"><Data ss:Type="String">Principal amount (Base)</Data></Cell></Row><Row ss:AutoFitHeight="0"><Cell ss:StyleID="s22"><Data ss:Type="String">msfsi_application</Data></Cell><Cell ss:StyleID="s22"><Data ss:Type="String">94fac26c-a6bb-4716-8ad0-ca68e82272c0</Data></Cell><Cell ss:StyleID="s22"><Data ss:Type="String">Description</Data></Cell><Cell ss:StyleID="s24"><Data ss:Type="String">Unique identifier for the team that owns the record.</Data></Cell></Row><Row ss:AutoFitHeight="0"><Cell ss:StyleID="s22"><Data ss:Type="String">msfsi_application</Data></Cell><Cell ss:StyleID="s22"><Data ss:Type="String">94fac26c-a6bb-4716-8ad0-ca68e82272c0</Data></Cell><Cell ss:StyleID="s22"><Data ss:Type="String">DisplayName</Data></Cell><Cell ss:StyleID="s24"><Data ss:Type="String">Owning Team</Data></Cell></Row><Row ss:AutoFitHeight="0"><Cell ss:StyleID="s22"><Data ss:Type="String">msfsi_application</Data></Cell><Cell ss:StyleID="s22"><Data ss:Type="String">f93efc66-bd3b-41c5-a418-d877b494275e</Data></Cell><Cell ss:StyleID="s22"><Data ss:Type="String">Description</Data></Cell><Cell ss:StyleID="s24"><Data ss:Type="String">Unique identifier for entity instances</Data></Cell></Row><Row ss:AutoFitHeight="0"><Cell ss:StyleID="s22"><Data ss:Type="String">msfsi_application</Data></Cell><Cell ss:StyleID="s22"><Data ss:Type="String">f93efc66-bd3b-41c5-a418-d877b494275e</Data></Cell><Cell ss:StyleID="s22"><Data ss:Type="String">DisplayName</Data></Cell><Cell ss:StyleID="s24"><Data ss:Type="String">Application</Data></Cell></Row><Row ss:AutoFitHeight="0"><Cell ss:StyleID="s22"><Data ss:Type="String">msfsi_application</Data></Cell><Cell ss:StyleID="s22"><Data ss:Type="String">74f04f6d-5107-4118-a273-7324548b97de</Data></Cell><Cell ss:StyleID="s22"><Data ss:Type="String">Description</Data></Cell><Cell ss:StyleID="s24"><Data ss:Type="String">Status of the Application</Data></Cell></Row><Row ss:AutoFitHeight="0"><Cell ss:StyleID="s22"><Data ss:Type="String">msfsi_application</Data></Cell><Cell ss:StyleID="s22"><Data ss:Type="String">74f04f6d-5107-4118-a273-7324548b97de</Data></Cell><Cell ss:StyleID="s22"><Data ss:Type="String">DisplayName</Data></Cell><Cell ss:StyleID="s24"><Data ss:Type="String">Status</Data></Cell></Row><Row ss:AutoFitHeight="0"><Cell ss:StyleID="s22"><Data ss:Type="String">msfsi_application</Data></Cell><Cell ss:StyleID="s22"><Data ss:Type="String">a01ced23-5c89-ee11-8179-000d3a53db99</Data></Cell><Cell ss:StyleID="s22"><Data ss:Type="String">DisplayName</Data></Cell><Cell ss:StyleID="s24"><Data ss:Type="String">Estado</Data></Cell></Row><Row ss:AutoFitHeight="0"><Cell ss:StyleID="s22"><Data ss:Type="String">msfsi_application</Data></Cell><Cell ss:StyleID="s22"><Data ss:Type="String">a01ced23-5c89-ee11-8179-000d3a53db99</Data></Cell><Cell ss:StyleID="s22"><Data ss:Type="String">Description</Data></Cell><Cell ss:StyleID="s24"><Data ss:Type="String">Estado del Application</Data></Cell></Row><Row ss:AutoFitHeight="0"><Cell ss:StyleID="s22"><Data ss:Type="String">msfsi_application</Data></Cell><Cell ss:StyleID="s22"><Data ss:Type="String">19246db7-5e11-4be9-ab7e-62fd1fdd97f0</Data></Cell><Cell ss:StyleID="s22"><Data ss:Type="String">DisplayName</Data></Cell><Cell ss:StyleID="s24"><Data ss:Type="String">Active</Data></Cell></Row><Row ss:AutoFitHeight="0"><Cell ss:StyleID="s22"><Data ss:Type="String">msfsi_application</Data></Cell><Cell ss:StyleID="s22"><Data ss:Type="String">fc7beeca-1c2b-439c-b7b3-bcb315e6130d</Data></Cell><Cell ss:StyleID="s22"><Data ss:Type="String">DisplayName</Data></Cell><Cell ss:StyleID="s24"><Data ss:Type="String">Inactive</Data></Cell></Row><Row ss:AutoFitHeight="0"><Cell ss:StyleID="s22"><Data ss:Type="String">msfsi_application</Data></Cell><Cell ss:StyleID="s22"><Data ss:Type="String">db1c8471-0878-4b3b-be57-2583ca1755c4</Data></Cell><Cell ss:StyleID="s22"><Data ss:Type="String">Description</Data></Cell><Cell ss:StyleID="s24"><Data ss:Type="String">Optional additional comment about the archived application.</Data></Cell></Row><Row ss:AutoFitHeight="0"><Cell ss:StyleID="s22"><Data ss:Type="String">msfsi_application</Data></Cell><Cell ss:StyleID="s22"><Data ss:Type="String">db1c8471-0878-4b3b-be57-2583ca1755c4</Data></Cell><Cell ss:StyleID="s22"><Data ss:Type="String">DisplayName</Data></Cell><Cell ss:StyleID="s24"><Data ss:Type="String">Archive comment</Data></Cell></Row><Row ss:AutoFitHeight="0"><Cell ss:StyleID="s22"><Data ss:Type="String">msfsi_application</Data></Cell><Cell ss:StyleID="s22"><Data ss:Type="String">675a99f7-82cd-40ce-b753-eb4735fe1e15</Data></Cell><Cell ss:StyleID="s22"><Data ss:Type="String">Description</Data></Cell><Cell ss:StyleID="s24"><Data ss:Type="String">The extended data table of the application.</Data></Cell></Row><Row ss:AutoFitHeight="0"><Cell ss:StyleID="s22"><Data ss:Type="String">msfsi_application</Data></Cell><Cell ss:StyleID="s22"><Data ss:Type="String">675a99f7-82cd-40ce-b753-eb4735fe1e15</Data></Cell><Cell ss:StyleID="s22"><Data ss:Type="String">DisplayName</Data></Cell><Cell ss:StyleID="s24"><Data ss:Type="String">Details</Data></Cell></Row><Row ss:AutoFitHeight="0"><Cell ss:StyleID="s22"><Data ss:Type="String">msfsi_application</Data></Cell><Cell ss:StyleID="s22"><Data ss:Type="String">428d64c2-562f-4039-805d-5088a1a10350</Data></Cell><Cell ss:StyleID="s22"><Data ss:Type="String">Description</Data></Cell><Cell ss:StyleID="s24"><Data ss:Type="String">Amount of money borrowed for the loan.</Data></Cell></Row><Row ss:AutoFitHeight="0"><Cell ss:StyleID="s22"><Data ss:Type="String">msfsi_application</Data></Cell><Cell ss:StyleID="s22"><Data ss:Type="String">428d64c2-562f-4039-805d-5088a1a10350</Data></Cell><Cell ss:StyleID="s22"><Data ss:Type="String">DisplayName</Data></Cell><Cell ss:StyleID="s24"><Data ss:Type="String">Principal amount</Data></Cell></Row><Row ss:AutoFitHeight="0"><Cell ss:StyleID="s22"><Data ss:Type="String">msfsi_application</Data></Cell><Cell ss:StyleID="s22"><Data ss:Type="String">132045c7-edf4-41ca-a494-38e12c23de13</Data></Cell><Cell ss:StyleID="s22"><Data ss:Type="String">DisplayName</Data></Cell><Cell ss:StyleID="s24"><Data ss:Type="String">Text placeholder</Data></Cell></Row><Row ss:AutoFitHeight="0"><Cell ss:StyleID="s22"><Data ss:Type="String">msfsi_application</Data></Cell><Cell ss:StyleID="s22"><Data ss:Type="String">b8ed0a76-5cd9-44db-8c8b-7074d3095b9d</Data></Cell><Cell ss:StyleID="s22"><Data ss:Type="String">Description</Data></Cell><Cell ss:StyleID="s24"><Data ss:Type="String">Unique identifier of the delegate user who modified the record.</Data></Cell></Row><Row ss:AutoFitHeight="0"><Cell ss:StyleID="s22"><Data ss:Type="String">msfsi_application</Data></Cell><Cell ss:StyleID="s22"><Data ss:Type="String">b8ed0a76-5cd9-44db-8c8b-7074d3095b9d</Data></Cell><Cell ss:StyleID="s22"><Data ss:Type="String">DisplayName</Data></Cell><Cell ss:StyleID="s24"><Data ss:Type="String">Modified By (Delegate)</Data></Cell></Row><Row ss:AutoFitHeight="0"><Cell ss:StyleID="s22"><Data ss:Type="String">msfsi_application</Data></Cell><Cell ss:StyleID="s22"><Data ss:Type="String">b37de208-f3f9-4547-a559-2b057cea9a49</Data></Cell><Cell ss:StyleID="s22"><Data ss:Type="String">Description</Data></Cell><Cell ss:StyleID="s24"><Data ss:Type="String">A comma separated list of string values representing the unique identifiers of stages in a Business Process Flow Instance in the order that they occur.</Data></Cell></Row><Row ss:AutoFitHeight="0"><Cell ss:StyleID="s22"><Data ss:Type="String">msfsi_application</Data></Cell><Cell ss:StyleID="s22"><Data ss:Type="String">b37de208-f3f9-4547-a559-2b057cea9a49</Data></Cell><Cell ss:StyleID="s22"><Data ss:Type="String">DisplayName</Data></Cell><Cell ss:StyleID="s24"><Data ss:Type="String">(Deprecated) Traversed Path</Data></Cell></Row><Row ss:AutoFitHeight="0"><Cell ss:StyleID="s22"><Data ss:Type="String">msfsi_application</Data></Cell><Cell ss:StyleID="s22"><Data ss:Type="String">8279ee7f-758f-4869-9194-dd929b0cfb41</Data></Cell><Cell ss:StyleID="s22"><Data ss:Type="String">Description</Data></Cell><Cell ss:StyleID="s24"><Data ss:Type="String">The category of the product being applied for.</Data></Cell></Row><Row ss:AutoFitHeight="0"><Cell ss:StyleID="s22"><Data ss:Type="String">msfsi_application</Data></Cell><Cell ss:StyleID="s22"><Data ss:Type="String">8279ee7f-758f-4869-9194-dd929b0cfb41</Data></Cell><Cell ss:StyleID="s22"><Data ss:Type="String">DisplayName</Data></Cell><Cell ss:StyleID="s24"><Data ss:Type="String">Category</Data></Cell></Row><Row ss:AutoFitHeight="0"><Cell ss:StyleID="s22"><Data ss:Type="String">msfsi_application</Data></Cell><Cell ss:StyleID="s22"><Data ss:Type="String">03661119-70a3-4b9b-81e4-c7c2c00dd89f</Data></Cell><Cell ss:StyleID="s22"><Data ss:Type="String">Description</Data></Cell><Cell ss:StyleID="s24"><Data ss:Type="String">Unique identifier of the user who created the record.</Data></Cell></Row><Row ss:AutoFitHeight="0"><Cell ss:StyleID="s22"><Data ss:Type="String">msfsi_application</Data></Cell><Cell ss:StyleID="s22"><Data ss:Type="String">03661119-70a3-4b9b-81e4-c7c2c00dd89f</Data></Cell><Cell ss:StyleID="s22"><Data ss:Type="String">DisplayName</Data></Cell><Cell ss:StyleID="s24"><Data ss:Type="String">Created By</Data></Cell></Row><Row ss:AutoFitHeight="0"><Cell ss:StyleID="s22"><Data ss:Type="String">msfsi_application</Data></Cell><Cell ss:StyleID="s22"><Data ss:Type="String">719fa742-3680-4a0a-aac8-a9d21d4a7a56</Data></Cell><Cell ss:StyleID="s22"><Data ss:Type="String">Description</Data></Cell><Cell ss:StyleID="s24"><Data ss:Type="String">Time zone code that was in use when the record was created.</Data></Cell></Row><Row ss:AutoFitHeight="0"><Cell ss:StyleID="s22"><Data ss:Type="String">msfsi_application</Data></Cell><Cell ss:StyleID="s22"><Data ss:Type="String">719fa742-3680-4a0a-aac8-a9d21d4a7a56</Data></Cell><Cell ss:StyleID="s22"><Data ss:Type="String">DisplayName</Data></Cell><Cell ss:StyleID="s24"><Data ss:Type="String">UTC Conversion Time Zone Code</Data></Cell></Row><Row ss:AutoFitHeight="0"><Cell ss:StyleID="s22"><Data ss:Type="String">msfsi_application</Data></Cell><Cell ss:StyleID="s22"><Data ss:Type="String">f0d730f6-9690-47d0-ac53-b20caf8541fd</Data></Cell><Cell ss:StyleID="s22"><Data ss:Type="String">Description</Data></Cell><Cell ss:StyleID="s24"><Data ss:Type="String">For internal use only.</Data></Cell></Row><Row ss:AutoFitHeight="0"><Cell ss:StyleID="s22"><Data ss:Type="String">msfsi_application</Data></Cell><Cell ss:StyleID="s22"><Data ss:Type="String">f0d730f6-9690-47d0-ac53-b20caf8541fd</Data></Cell><Cell ss:StyleID="s22"><Data ss:Type="String">DisplayName</Data></Cell><Cell ss:StyleID="s24"><Data ss:Type="String">Time Zone Rule Version Number</Data></Cell></Row><Row ss:AutoFitHeight="0"><Cell ss:StyleID="s22"><Data ss:Type="String">msfsi_application</Data></Cell><Cell ss:StyleID="s22"><Data ss:Type="String">13630afc-8781-4339-81f5-91dc952d1fee</Data></Cell><Cell ss:StyleID="s22"><Data ss:Type="String">Description</Data></Cell><Cell ss:StyleID="s24"><Data ss:Type="String">Owner Id</Data></Cell></Row><Row ss:AutoFitHeight="0"><Cell ss:StyleID="s22"><Data ss:Type="String">msfsi_application</Data></Cell><Cell ss:StyleID="s22"><Data ss:Type="String">13630afc-8781-4339-81f5-91dc952d1fee</Data></Cell><Cell ss:StyleID="s22"><Data ss:Type="String">DisplayName</Data></Cell><Cell ss:StyleID="s24"><Data ss:Type="String">Owner</Data></Cell></Row><Row ss:AutoFitHeight="0"><Cell ss:StyleID="s22"><Data ss:Type="String">msfsi_application</Data></Cell><Cell ss:StyleID="s22"><Data ss:Type="String">80916d5a-c3bb-459b-9b77-6b1e7afcc475</Data></Cell><Cell ss:StyleID="s22"><Data ss:Type="String">Description</Data></Cell><Cell ss:StyleID="s24"><Data ss:Type="String">Date and time when the record was modified.</Data></Cell></Row><Row ss:AutoFitHeight="0"><Cell ss:StyleID="s22"><Data ss:Type="String">msfsi_application</Data></Cell><Cell ss:StyleID="s22"><Data ss:Type="String">80916d5a-c3bb-459b-9b77-6b1e7afcc475</Data></Cell><Cell ss:StyleID="s22"><Data ss:Type="String">DisplayName</Data></Cell><Cell ss:StyleID="s24"><Data ss:Type="String">Modified On</Data></Cell></Row><Row ss:AutoFitHeight="0"><Cell ss:StyleID="s22"><Data ss:Type="String">msfsi_application</Data></Cell><Cell ss:StyleID="s22"><Data ss:Type="String">de592ebb-e88f-4c3e-8482-1f4d8f86f7f0</Data></Cell><Cell ss:StyleID="s22"><Data ss:Type="String">Description</Data></Cell><Cell ss:StyleID="s24"><Data ss:Type="String">Sequence number of the import that created this record.</Data></Cell></Row><Row ss:AutoFitHeight="0"><Cell ss:StyleID="s22"><Data ss:Type="String">msfsi_application</Data></Cell><Cell ss:StyleID="s22"><Data ss:Type="String">de592ebb-e88f-4c3e-8482-1f4d8f86f7f0</Data></Cell><Cell ss:StyleID="s22"><Data ss:Type="String">DisplayName</Data></Cell><Cell ss:StyleID="s24"><Data ss:Type="String">Import Sequence Number</Data></Cell></Row><Row ss:AutoFitHeight="0"><Cell ss:StyleID="s22"><Data ss:Type="String">msfsi_application</Data></Cell><Cell ss:StyleID="s22"><Data ss:Type="String">7f1ced23-5c89-ee11-8179-000d3a53db99</Data></Cell><Cell ss:StyleID="s22"><Data ss:Type="String">Description</Data></Cell><Cell ss:StyleID="s24"><Data ss:Type="String">Nombre Yomi del propietario</Data></Cell></Row><Row ss:AutoFitHeight="0"><Cell ss:StyleID="s22"><Data ss:Type="String">msfsi_application</Data></Cell><Cell ss:StyleID="s22"><Data ss:Type="String">13229f5e-2bf5-4d0a-ac21-805386340530</Data></Cell><Cell ss:StyleID="s22"><Data ss:Type="String">Description</Data></Cell><Cell ss:StyleID="s24"><Data ss:Type="String">Indicates the reason for archiving an application.</Data></Cell></Row><Row ss:AutoFitHeight="0"><Cell ss:StyleID="s22"><Data ss:Type="String">msfsi_application</Data></Cell><Cell ss:StyleID="s22"><Data ss:Type="String">13229f5e-2bf5-4d0a-ac21-805386340530</Data></Cell><Cell ss:StyleID="s22"><Data ss:Type="String">DisplayName</Data></Cell><Cell ss:StyleID="s24"><Data ss:Type="String">Reason for archive</Data></Cell></Row><Row ss:AutoFitHeight="0"><Cell ss:StyleID="s22"><Data ss:Type="String">msfsi_application</Data></Cell><Cell ss:StyleID="s22"><Data ss:Type="String">694380e5-1a05-4c9b-9eeb-0ceabb822b88</Data></Cell><Cell ss:StyleID="s22"><Data ss:Type="String">Description</Data></Cell><Cell ss:StyleID="s24"><Data ss:Type="String">Description of the application.</Data></Cell></Row><Row ss:AutoFitHeight="0"><Cell ss:StyleID="s22"><Data ss:Type="String">msfsi_application</Data></Cell><Cell ss:StyleID="s22"><Data ss:Type="String">694380e5-1a05-4c9b-9eeb-0ceabb822b88</Data></Cell><Cell ss:StyleID="s22"><Data ss:Type="String">DisplayName</Data></Cell><Cell ss:StyleID="s24"><Data ss:Type="String">Description</Data></Cell></Row><Row ss:AutoFitHeight="0"><Cell ss:StyleID="s22"><Data ss:Type="String">msfsi_application</Data></Cell><Cell ss:StyleID="s22"><Data ss:Type="String">4c36a7b4-7c20-40ac-a38b-a23bf04e24c6</Data></Cell><Cell ss:StyleID="s22"><Data ss:Type="String">Description</Data></Cell><Cell ss:StyleID="s24"><Data ss:Type="String">Contains the id of the process associated with the entity.</Data></Cell></Row><Row ss:AutoFitHeight="0"><Cell ss:StyleID="s22"><Data ss:Type="String">msfsi_application</Data></Cell><Cell ss:StyleID="s22"><Data ss:Type="String">4c36a7b4-7c20-40ac-a38b-a23bf04e24c6</Data></Cell><Cell ss:StyleID="s22"><Data ss:Type="String">DisplayName</Data></Cell><Cell ss:StyleID="s24"><Data ss:Type="String">Process Id</Data></Cell></Row><Row ss:AutoFitHeight="0"><Cell ss:StyleID="s22"><Data ss:Type="String">msfsi_application</Data></Cell><Cell ss:StyleID="s22"><Data ss:Type="String">302ba662-4e4b-4156-b3f4-5a788fcf161e</Data></Cell><Cell ss:StyleID="s22"><Data ss:Type="String">Description</Data></Cell><Cell ss:StyleID="s24"><Data ss:Type="String">The interest rate of the account application.</Data></Cell></Row><Row ss:AutoFitHeight="0"><Cell ss:StyleID="s22"><Data ss:Type="String">msfsi_application</Data></Cell><Cell ss:StyleID="s22"><Data ss:Type="String">302ba662-4e4b-4156-b3f4-5a788fcf161e</Data></Cell><Cell ss:StyleID="s22"><Data ss:Type="String">DisplayName</Data></Cell><Cell ss:StyleID="s24"><Data ss:Type="String">Interest rate</Data></Cell></Row><Row ss:AutoFitHeight="0"><Cell ss:StyleID="s22"><Data ss:Type="String">msfsi_application</Data></Cell><Cell ss:StyleID="s22"><Data ss:Type="String">314aa251-7bfe-4cc3-b879-515ec772349e</Data></Cell><Cell ss:StyleID="s22"><Data ss:Type="String">Description</Data></Cell><Cell ss:StyleID="s24"><Data ss:Type="String">Contains the id of the stage where the entity is located.</Data></Cell></Row><Row ss:AutoFitHeight="0"><Cell ss:StyleID="s22"><Data ss:Type="String">msfsi_application</Data></Cell><Cell ss:StyleID="s22"><Data ss:Type="String">314aa251-7bfe-4cc3-b879-515ec772349e</Data></Cell><Cell ss:StyleID="s22"><Data ss:Type="String">DisplayName</Data></Cell><Cell ss:StyleID="s24"><Data ss:Type="String">(Deprecated) Stage Id</Data></Cell></Row><Row ss:AutoFitHeight="0"><Cell ss:StyleID="s22"><Data ss:Type="String">msfsi_application</Data></Cell><Cell ss:StyleID="s22"><Data ss:Type="String">66dee573-09ac-4e33-aed2-28161621913b</Data></Cell><Cell ss:StyleID="s22"><Data ss:Type="String">DisplayName</Data></Cell><Cell ss:StyleID="s24"><Data ss:Type="String">Name</Data></Cell></Row><Row ss:AutoFitHeight="0"><Cell ss:StyleID="s22"><Data ss:Type="String">msfsi_application</Data></Cell><Cell ss:StyleID="s22"><Data ss:Type="String">b1593c79-384a-4d71-806d-3fbf42d808e0</Data></Cell><Cell ss:StyleID="s22"><Data ss:Type="String">Description</Data></Cell><Cell ss:StyleID="s24"><Data ss:Type="String">The date when the application was archived.</Data></Cell></Row><Row ss:AutoFitHeight="0"><Cell ss:StyleID="s22"><Data ss:Type="String">msfsi_application</Data></Cell><Cell ss:StyleID="s22"><Data ss:Type="String">b1593c79-384a-4d71-806d-3fbf42d808e0</Data></Cell><Cell ss:StyleID="s22"><Data ss:Type="String">DisplayName</Data></Cell><Cell ss:StyleID="s24"><Data ss:Type="String">Archive date</Data></Cell></Row><Row ss:AutoFitHeight="0"><Cell ss:StyleID="s22"><Data ss:Type="String">msfsi_application</Data></Cell><Cell ss:StyleID="s22"><Data ss:Type="String">57fecd00-979e-4c5e-95ee-86beffdcde8e</Data></Cell><Cell ss:StyleID="s22"><Data ss:Type="String">Description</Data></Cell><Cell ss:StyleID="s24"><Data ss:Type="String">Identificador único de la divisa asociada a la entidad.</Data></Cell></Row><Row ss:AutoFitHeight="0"><Cell ss:StyleID="s22"><Data ss:Type="String">msfsi_application</Data></Cell><Cell ss:StyleID="s22"><Data ss:Type="String">57fecd00-979e-4c5e-95ee-86beffdcde8e</Data></Cell><Cell ss:StyleID="s22"><Data ss:Type="String">DisplayName</Data></Cell><Cell ss:StyleID="s24"><Data ss:Type="String">Divisa</Data></Cell></Row><Row ss:AutoFitHeight="0"><Cell ss:StyleID="s22"><Data ss:Type="String">msfsi_application</Data></Cell><Cell ss:StyleID="s22"><Data ss:Type="String">d8f1b967-b293-43e7-b0ac-9ac634d1943c</Data></Cell><Cell ss:StyleID="s22"><Data ss:Type="String">Description</Data></Cell><Cell ss:StyleID="s24"><Data ss:Type="String">Unique identifier of the user who modified the record.</Data></Cell></Row><Row ss:AutoFitHeight="0"><Cell ss:StyleID="s22"><Data ss:Type="String">msfsi_application</Data></Cell><Cell ss:StyleID="s22"><Data ss:Type="String">d8f1b967-b293-43e7-b0ac-9ac634d1943c</Data></Cell><Cell ss:StyleID="s22"><Data ss:Type="String">DisplayName</Data></Cell><Cell ss:StyleID="s24"><Data ss:Type="String">Modified By</Data></Cell></Row><Row ss:AutoFitHeight="0"><Cell ss:StyleID="s22"><Data ss:Type="String">msfsi_application</Data></Cell><Cell ss:StyleID="s22"><Data ss:Type="String">e3812592-3e65-4c4f-ba2a-69912835b83d</Data></Cell><Cell ss:StyleID="s22"><Data ss:Type="String">Description</Data></Cell><Cell ss:StyleID="s24"><Data ss:Type="String">Unique identifier for the user that owns the record.</Data></Cell></Row><Row ss:AutoFitHeight="0"><Cell ss:StyleID="s22"><Data ss:Type="String">msfsi_application</Data></Cell><Cell ss:StyleID="s22"><Data ss:Type="String">e3812592-3e65-4c4f-ba2a-69912835b83d</Data></Cell><Cell ss:StyleID="s22"><Data ss:Type="String">DisplayName</Data></Cell><Cell ss:StyleID="s24"><Data ss:Type="String">Owning User</Data></Cell></Row><Row ss:AutoFitHeight="0"><Cell ss:StyleID="s22"><Data ss:Type="String">msfsi_application</Data></Cell><Cell ss:StyleID="s22"><Data ss:Type="String">4d6b514d-d7cc-4170-897d-ee68904fcf49</Data></Cell><Cell ss:StyleID="s22"><Data ss:Type="String">Description</Data></Cell><Cell ss:StyleID="s24"><Data ss:Type="String">A calculated field helping determine if a related party contract is the primary member of the application.</Data></Cell></Row><Row ss:AutoFitHeight="0"><Cell ss:StyleID="s22"><Data ss:Type="String">msfsi_application</Data></Cell><Cell ss:StyleID="s22"><Data ss:Type="String">4d6b514d-d7cc-4170-897d-ee68904fcf49</Data></Cell><Cell ss:StyleID="s22"><Data ss:Type="String">DisplayName</Data></Cell><Cell ss:StyleID="s24"><Data ss:Type="String">Primary member helper</Data></Cell></Row><Row ss:AutoFitHeight="0"><Cell ss:StyleID="s22"><Data ss:Type="String">msfsi_application</Data></Cell><Cell ss:StyleID="s22"><Data ss:Type="String">40b6d9b1-20b6-45a0-bc87-9e75441feebd</Data></Cell><Cell ss:StyleID="s22"><Data ss:Type="String">Description</Data></Cell><Cell ss:StyleID="s24"><Data ss:Type="String">Unique identifier for the business unit that owns the record</Data></Cell></Row><Row ss:AutoFitHeight="0"><Cell ss:StyleID="s22"><Data ss:Type="String">msfsi_application</Data></Cell><Cell ss:StyleID="s22"><Data ss:Type="String">40b6d9b1-20b6-45a0-bc87-9e75441feebd</Data></Cell><Cell ss:StyleID="s22"><Data ss:Type="String">DisplayName</Data></Cell><Cell ss:StyleID="s24"><Data ss:Type="String">Owning Business Unit</Data></Cell></Row><Row ss:AutoFitHeight="0"><Cell ss:StyleID="s22"><Data ss:Type="String">msfsi_application</Data></Cell><Cell ss:StyleID="s22"><Data ss:Type="String">4a1b1c53-cdc0-4a43-ad60-fb3f17118b83</Data></Cell><Cell ss:StyleID="s22"><Data ss:Type="String">Description</Data></Cell><Cell ss:StyleID="s24"><Data ss:Type="String">Reason for the status of the Application</Data></Cell></Row><Row ss:AutoFitHeight="0"><Cell ss:StyleID="s22"><Data ss:Type="String">msfsi_application</Data></Cell><Cell ss:StyleID="s22"><Data ss:Type="String">4a1b1c53-cdc0-4a43-ad60-fb3f17118b83</Data></Cell><Cell ss:StyleID="s22"><Data ss:Type="String">DisplayName</Data></Cell><Cell ss:StyleID="s24"><Data ss:Type="String">Status Reason</Data></Cell></Row><Row ss:AutoFitHeight="0"><Cell ss:StyleID="s22"><Data ss:Type="String">msfsi_application</Data></Cell><Cell ss:StyleID="s22"><Data ss:Type="String">ab1ced23-5c89-ee11-8179-000d3a53db99</Data></Cell><Cell ss:StyleID="s22"><Data ss:Type="String">DisplayName</Data></Cell><Cell ss:StyleID="s24"><Data ss:Type="String">Razón para el estado</Data></Cell></Row><Row ss:AutoFitHeight="0"><Cell ss:StyleID="s22"><Data ss:Type="String">msfsi_application</Data></Cell><Cell ss:StyleID="s22"><Data ss:Type="String">ab1ced23-5c89-ee11-8179-000d3a53db99</Data></Cell><Cell ss:StyleID="s22"><Data ss:Type="String">Description</Data></Cell><Cell ss:StyleID="s24"><Data ss:Type="String">Razón para el estado del Application</Data></Cell></Row><Row ss:AutoFitHeight="0"><Cell ss:StyleID="s22"><Data ss:Type="String">msfsi_application</Data></Cell><Cell ss:StyleID="s22"><Data ss:Type="String">aa05cd53-6cd6-484d-8f6b-9e808b75a0dd</Data></Cell><Cell ss:StyleID="s22"><Data ss:Type="String">DisplayName</Data></Cell><Cell ss:StyleID="s24"><Data ss:Type="String">Approved</Data></Cell></Row><Row ss:AutoFitHeight="0"><Cell ss:StyleID="s22"><Data ss:Type="String">msfsi_application</Data></Cell><Cell ss:StyleID="s22"><Data ss:Type="String">7d383d2f-6d05-4908-9c54-8fba128aacf0</Data></Cell><Cell ss:StyleID="s22"><Data ss:Type="String">DisplayName</Data></Cell><Cell ss:StyleID="s24"><Data ss:Type="String">Rejected</Data></Cell></Row><Row ss:AutoFitHeight="0"><Cell ss:StyleID="s22"><Data ss:Type="String">msfsi_application</Data></Cell><Cell ss:StyleID="s22"><Data ss:Type="String">4199af61-b397-4354-8e46-450db2f8c113</Data></Cell><Cell ss:StyleID="s22"><Data ss:Type="String">DisplayName</Data></Cell><Cell ss:StyleID="s24"><Data ss:Type="String">On hold</Data></Cell></Row><Row ss:AutoFitHeight="0"><Cell ss:StyleID="s22"><Data ss:Type="String">msfsi_application</Data></Cell><Cell ss:StyleID="s22"><Data ss:Type="String">3bc82459-8724-4e26-9b81-098ef09c40df</Data></Cell><Cell ss:StyleID="s22"><Data ss:Type="String">DisplayName</Data></Cell><Cell ss:StyleID="s24"><Data ss:Type="String">In progress</Data></Cell></Row><Row ss:AutoFitHeight="0"><Cell ss:StyleID="s22"><Data ss:Type="String">msfsi_application</Data></Cell><Cell ss:StyleID="s22"><Data ss:Type="String">3956fa8f-1bdd-4024-8939-6bd2b2960e32</Data></Cell><Cell ss:StyleID="s22"><Data ss:Type="String">DisplayName</Data></Cell><Cell ss:StyleID="s24"><Data ss:Type="String">Pending</Data></Cell></Row><Row ss:AutoFitHeight="0"><Cell ss:StyleID="s22"><Data ss:Type="String">msfsi_application</Data></Cell><Cell ss:StyleID="s22"><Data ss:Type="String">1e00c1fb-8066-4cad-800e-ed65bcbfc4b1</Data></Cell><Cell ss:StyleID="s22"><Data ss:Type="String">DisplayName</Data></Cell><Cell ss:StyleID="s24"><Data ss:Type="String">Approved</Data></Cell></Row><Row ss:AutoFitHeight="0"><Cell ss:StyleID="s22"><Data ss:Type="String">msfsi_application</Data></Cell><Cell ss:StyleID="s22"><Data ss:Type="String">690d988f-7111-4972-b493-bed13e5fe190</Data></Cell><Cell ss:StyleID="s22"><Data ss:Type="String">DisplayName</Data></Cell><Cell ss:StyleID="s24"><Data ss:Type="String">Rejected</Data></Cell></Row><Row ss:AutoFitHeight="0"><Cell ss:StyleID="s22"><Data ss:Type="String">msfsi_application</Data></Cell><Cell ss:StyleID="s22"><Data ss:Type="String">26e70759-53d1-ed11-a7c7-000d3a1b91b8</Data></Cell><Cell ss:StyleID="s22"><Data ss:Type="String">description</Data></Cell><Cell ss:StyleID="s24"><Data ss:Type="String">A form for this entity.</Data></Cell></Row><Row ss:AutoFitHeight="0"><Cell ss:StyleID="s22"><Data ss:Type="String">msfsi_application</Data></Cell><Cell ss:StyleID="s22"><Data ss:Type="String">26e70759-53d1-ed11-a7c7-000d3a1b91b8</Data></Cell><Cell ss:StyleID="s22"><Data ss:Type="String">name</Data></Cell><Cell ss:StyleID="s24"><Data ss:Type="String">Loan Application modify form</Data></Cell></Row><Row ss:AutoFitHeight="0"><Cell ss:StyleID="s22"><Data ss:Type="String">msfsi_application</Data></Cell><Cell ss:StyleID="s22"><Data ss:Type="String">83257ce0-c7bc-ed11-83ff-002248081af8</Data></Cell><Cell ss:StyleID="s22"><Data ss:Type="String">description</Data></Cell><Cell ss:StyleID="s24"><Data ss:Type="String">A form for this entity.</Data></Cell></Row><Row ss:AutoFitHeight="0"><Cell ss:StyleID="s22"><Data ss:Type="String">msfsi_application</Data></Cell><Cell ss:StyleID="s22"><Data ss:Type="String">83257ce0-c7bc-ed11-83ff-002248081af8</Data></Cell><Cell ss:StyleID="s22"><Data ss:Type="String">name</Data></Cell><Cell ss:StyleID="s24"><Data ss:Type="String">Loan application main form</Data></Cell></Row><Row ss:AutoFitHeight="0"><Cell ss:StyleID="s22"><Data ss:Type="String">msfsi_application</Data></Cell><Cell ss:StyleID="s22"><Data ss:Type="String">6da4d135-bdb4-491b-bf05-ae609859f77f</Data></Cell><Cell ss:StyleID="s22"><Data ss:Type="String">description</Data></Cell><Cell ss:StyleID="s24"><Data ss:Type="String">A form for this entity.</Data></Cell></Row><Row ss:AutoFitHeight="0"><Cell ss:StyleID="s22"><Data ss:Type="String">msfsi_application</Data></Cell><Cell ss:StyleID="s22"><Data ss:Type="String">6da4d135-bdb4-491b-bf05-ae609859f77f</Data></Cell><Cell ss:StyleID="s22"><Data ss:Type="String">name</Data></Cell><Cell ss:StyleID="s24"><Data ss:Type="String">Information</Data></Cell></Row><Row ss:AutoFitHeight="0"><Cell ss:StyleID="s22"><Data ss:Type="String">msfsi_application</Data></Cell><Cell ss:StyleID="s22"><Data ss:Type="String">836278e7-565b-4ab8-946c-07d24d56dffd</Data></Cell><Cell ss:StyleID="s22"><Data ss:Type="String">name</Data></Cell><Cell ss:StyleID="s24"><Data ss:Type="String">Information</Data></Cell></Row><Row ss:AutoFitHeight="0"><Cell ss:StyleID="s22"><Data ss:Type="String">msfsi_application</Data></Cell><Cell ss:StyleID="s22"><Data ss:Type="String">0dead3f1-dbce-4fc1-957b-931bf1f96e4e</Data></Cell><Cell ss:StyleID="s22"><Data ss:Type="String">description</Data></Cell><Cell ss:StyleID="s24"><Data ss:Type="String">A card form for this entity.</Data></Cell></Row><Row ss:AutoFitHeight="0"><Cell ss:StyleID="s22"><Data ss:Type="String">msfsi_application</Data></Cell><Cell ss:StyleID="s22"><Data ss:Type="String">0dead3f1-dbce-4fc1-957b-931bf1f96e4e</Data></Cell><Cell ss:StyleID="s22"><Data ss:Type="String">name</Data></Cell><Cell ss:StyleID="s24"><Data ss:Type="String">Information</Data></Cell></Row><Row ss:AutoFitHeight="0"><Cell ss:StyleID="s22"><Data ss:Type="String">msfsi_application</Data></Cell><Cell ss:StyleID="s22"><Data ss:Type="String">54fe3a20-05dc-ed11-a7c7-002248284536</Data></Cell><Cell ss:StyleID="s22"><Data ss:Type="String">name</Data></Cell><Cell ss:StyleID="s24"><Data ss:Type="String">Archived Loan Applications</Data></Cell></Row><Row ss:AutoFitHeight="0"><Cell ss:StyleID="s22"><Data ss:Type="String">msfsi_application</Data></Cell><Cell ss:StyleID="s22"><Data ss:Type="String">f5f7bfcc-3a70-4cd2-8b00-a47cafb9c7c0</Data></Cell><Cell ss:StyleID="s22"><Data ss:Type="String">name</Data></Cell><Cell ss:StyleID="s24"><Data ss:Type="String">Inactive Applications</Data></Cell></Row><Row ss:AutoFitHeight="0"><Cell ss:StyleID="s22"><Data ss:Type="String">msfsi_application</Data></Cell><Cell ss:StyleID="s22"><Data ss:Type="String">3b7a99be-ab61-41d6-b9fb-a6b827f5a933</Data></Cell><Cell ss:StyleID="s22"><Data ss:Type="String">name</Data></Cell><Cell ss:StyleID="s24"><Data ss:Type="String">Active Applications</Data></Cell></Row><Row ss:AutoFitHeight="0"><Cell ss:StyleID="s22"><Data ss:Type="String">msfsi_application</Data></Cell><Cell ss:StyleID="s22"><Data ss:Type="String">bc6b6bed-b7a8-497a-8ac1-6e70b7ffc19d</Data></Cell><Cell ss:StyleID="s22"><Data ss:Type="String">name</Data></Cell><Cell ss:StyleID="s24"><Data ss:Type="String">Application Advanced Find View</Data></Cell></Row><Row ss:AutoFitHeight="0"><Cell ss:StyleID="s22"><Data ss:Type="String">msfsi_application</Data></Cell><Cell ss:StyleID="s22"><Data ss:Type="String">dca2760c-e918-4113-9ccf-bed7b2739fd5</Data></Cell><Cell ss:StyleID="s22"><Data ss:Type="String">name</Data></Cell><Cell ss:StyleID="s24"><Data ss:Type="String">Application Associated View</Data></Cell></Row><Row ss:AutoFitHeight="0"><Cell ss:StyleID="s22"><Data ss:Type="String">msfsi_application</Data></Cell><Cell ss:StyleID="s22"><Data ss:Type="String">0a7d6e4d-43ef-4f99-8545-c2e4dc7645a5</Data></Cell><Cell ss:StyleID="s22"><Data ss:Type="String">name</Data></Cell><Cell ss:StyleID="s24"><Data ss:Type="String">Quick Find Active Applications</Data></Cell></Row><Row ss:AutoFitHeight="0"><Cell ss:StyleID="s22"><Data ss:Type="String">msfsi_application</Data></Cell><Cell ss:StyleID="s22"><Data ss:Type="String">c4e8c96f-6ff9-4ea5-a6e4-5cf669bf506a</Data></Cell><Cell ss:StyleID="s22"><Data ss:Type="String">name</Data></Cell><Cell ss:StyleID="s24"><Data ss:Type="String">Application Lookup View</Data></Cell></Row><Row ss:AutoFitHeight="0"><Cell ss:StyleID="s22"><Data ss:Type="String">msfsi_application</Data></Cell><Cell ss:StyleID="s22"><Data ss:Type="String">9993be80-7dea-ec11-bb3e-000d3a5b49fa</Data></Cell><Cell ss:StyleID="s22"><Data ss:Type="String">name</Data></Cell><Cell ss:StyleID="s24"><Data ss:Type="String">My Applications</Data></Cell></Row><Row ss:AutoFitHeight="0"><Cell ss:StyleID="s22"><Data ss:Type="String">msfsi_application</Data></Cell><Cell ss:StyleID="s22"><Data ss:Type="String">9993be80-7dea-ec11-bb3e-000d3a5b49fa</Data></Cell><Cell ss:StyleID="s22"><Data ss:Type="String">description</Data></Cell><Cell ss:StyleID="s24"><Data ss:Type="String">Active Applications owned by me</Data></Cell></Row><Row ss:AutoFitHeight="0"><Cell ss:StyleID="s22"><Data ss:Type="String">Workflow Categories</Data></Cell><Cell ss:StyleID="s22"><Data ss:Type="String">4100f8f5-87dc-ed11-a7c7-000d3a57a958</Data></Cell><Cell ss:StyleID="s22"><Data ss:Type="String">name</Data></Cell><Cell ss:StyleID="s24"><Data ss:Type="String">ArchiveLoanApplications</Data></Cell></Row><Row ss:AutoFitHeight="0"><Cell ss:StyleID="s22"><Data ss:Type="String">Workflow Categories</Data></Cell><Cell ss:StyleID="s22"><Data ss:Type="String">a2a38135-ebda-ed11-a7c7-0022482804c6</Data></Cell><Cell ss:StyleID="s22"><Data ss:Type="String">name</Data></Cell><Cell ss:StyleID="s24"><Data ss:Type="String">Archive Loan Application</Data></Cell></Row><Row ss:AutoFitHeight="0"><Cell ss:StyleID="s22"><Data ss:Type="String">msfsi_archivereason</Data></Cell><Cell ss:StyleID="s22"><Data ss:Type="String">3690cc94-09db-ed11-a7c7-002248280456</Data></Cell><Cell ss:StyleID="s22"><Data ss:Type="String">msfsi_name</Data></Cell><Cell ss:StyleID="s24"><Data ss:Type="String">Irrelevant information</Data></Cell></Row><Row ss:AutoFitHeight="0"><Cell ss:StyleID="s22"><Data ss:Type="String">msfsi_archivereason</Data></Cell><Cell ss:StyleID="s22"><Data ss:Type="String">a590cc94-09db-ed11-a7c7-002248280456</Data></Cell><Cell ss:StyleID="s22"><Data ss:Type="String">msfsi_name</Data></Cell><Cell ss:StyleID="s24"><Data ss:Type="String">Applicant has better financing options elsewhere</Data></Cell></Row><Row ss:AutoFitHeight="0"><Cell ss:StyleID="s22"><Data ss:Type="String">msfsi_archivereason</Data></Cell><Cell ss:StyleID="s22"><Data ss:Type="String">c390cc94-09db-ed11-a7c7-002248280456</Data></Cell><Cell ss:StyleID="s22"><Data ss:Type="String">msfsi_name</Data></Cell><Cell ss:StyleID="s24"><Data ss:Type="String">Applicant does not satisfy the loan terms</Data></Cell></Row><Row ss:AutoFitHeight="0"><Cell ss:StyleID="s22"><Data ss:Type="String">msfsi_archivereason</Data></Cell><Cell ss:StyleID="s22"><Data ss:Type="String">c53dc79a-09db-ed11-a7c7-002248280456</Data></Cell><Cell ss:StyleID="s22"><Data ss:Type="String">msfsi_name</Data></Cell><Cell ss:StyleID="s24"><Data ss:Type="String">Cannot reach the primary applicant</Data></Cell></Row><Row ss:AutoFitHeight="0"><Cell ss:StyleID="s22"><Data ss:Type="String">msfsi_archivereason</Data></Cell><Cell ss:StyleID="s22"><Data ss:Type="String">78fe005d-0adb-ed11-a7c7-002248280456</Data></Cell><Cell ss:StyleID="s22"><Data ss:Type="String">msfsi_name</Data></Cell><Cell ss:StyleID="s24"><Data ss:Type="String">Bank refuses or rejects this application</Data></Cell></Row><Row ss:AutoFitHeight="0"><Cell ss:StyleID="s22"><Data ss:Type="String">msfsi_archivereason</Data></Cell><Cell ss:StyleID="s22"><Data ss:Type="String">7ffe005d-0adb-ed11-a7c7-002248280456</Data></Cell><Cell ss:StyleID="s22"><Data ss:Type="String">msfsi_name</Data></Cell><Cell ss:StyleID="s24"><Data ss:Type="String">Other</Data></Cell></Row></Table><WorksheetOptions xmlns="urn:schemas-microsoft-com:office:excel"><Unsynced /><ProtectObjects>False</ProtectObjects><ProtectScenarios>False</ProtectScenarios><AllowFormatCells /><AllowSizeCols /><AllowSizeRows /><AllowInsertCols /><AllowInsertRows /><AllowDeleteCols /><AllowDeleteRows /><AllowSort /><AllowFilter /><AllowUsePivotTables /></WorksheetOptions></Worksheet></Workbook>