<?xml version="1.0"?>
<?mso-application progid="Excel.Sheet"?>
<Workbook xmlns="urn:schemas-microsoft-com:office:spreadsheet"
 xmlns:o="urn:schemas-microsoft-com:office:office"
 xmlns:x="urn:schemas-microsoft-com:office:excel"
 xmlns:ss="urn:schemas-microsoft-com:office:spreadsheet"
 xmlns:html="http://www.w3.org/TR/REC-html40">
 <DocumentProperties xmlns="urn:schemas-microsoft-com:office:office">
  <Version>16.00</Version>
 </DocumentProperties>
 <OfficeDocumentSettings xmlns="urn:schemas-microsoft-com:office:office">
  <AllowPNG/>
 </OfficeDocumentSettings>
 <ExcelWorkbook xmlns="urn:schemas-microsoft-com:office:excel">
  <WindowHeight>8550</WindowHeight>
  <WindowWidth>22740</WindowWidth>
  <WindowTopX>32767</WindowTopX>
  <WindowTopY>32767</WindowTopY>
  <ProtectStructure>False</ProtectStructure>
  <ProtectWindows>False</ProtectWindows>
 </ExcelWorkbook>
 <Styles>
  <Style ss:ID="Default" ss:Name="Normal">
   <Alignment ss:Vertical="Bottom"/>
   <Borders/>
   <Font ss:FontName="Calibri" x:Family="Swiss" ss:Size="11" ss:Color="#000000"/>
   <Interior/>
   <NumberFormat/>
   <Protection/>
  </Style>
  <Style ss:ID="s62">
   <Alignment ss:Horizontal="Left" ss:Vertical="Bottom"/>
   <Font ss:FontName="Calibri" x:Family="Swiss" ss:Size="11" ss:Color="#000000"
    ss:Bold="1"/>
   <Interior ss:Color="#CCCCFF" ss:Pattern="Solid"/>
   <Protection/>
  </Style>
  <Style ss:ID="s63">
   <Alignment ss:Horizontal="Left" ss:Vertical="Bottom"/>
   <Font ss:FontName="Calibri" x:Family="Swiss" ss:Size="11" ss:Color="#000000"/>
   <Interior ss:Color="#CCCCFF" ss:Pattern="Solid"/>
  </Style>
  <Style ss:ID="s64">
   <Alignment ss:Horizontal="Left" ss:Vertical="Bottom"/>
   <Interior ss:Color="#CCCCFF" ss:Pattern="Solid"/>
   <NumberFormat ss:Format="[$-409]m/d/yy\ h:mm\ AM/PM;@"/>
  </Style>
  <Style ss:ID="s65">
   <Alignment ss:Vertical="Bottom"/>
   <Borders/>
   <Font ss:FontName="Calibri" x:Family="Swiss" ss:Size="11" ss:Color="#000000"/>
   <Interior/>
   <NumberFormat/>
   <Protection ss:Protected="0"/>
  </Style>
 </Styles>
 <Worksheet ss:Name="資訊" ss:Id="Information">
  <Table ss:ExpandedColumnCount="2" ss:ExpandedRowCount="5" x:FullColumns="1"
   x:FullRows="1" ss:DefaultRowHeight="15">
   <Column ss:AutoFitWidth="0" ss:Width="160.5"/>
   <Column ss:AutoFitWidth="0" ss:Width="231"/>
   <Row ss:AutoFitHeight="0">
    <Cell ss:StyleID="s62"><Data ss:Type="String">組織識別碼:</Data></Cell>
    <Cell ss:StyleID="s63"/>
   </Row>
   <Row ss:AutoFitHeight="0">
    <Cell ss:StyleID="s62"><Data ss:Type="String">匯出於:</Data></Cell>
    <Cell ss:StyleID="s64"><Data ss:Type="DateTime">2023-10-04T08:51:08.000</Data></Cell>
   </Row>
   <Row ss:AutoFitHeight="0">
    <Cell ss:StyleID="s62"><Data ss:Type="String">基礎語言名稱:</Data></Cell>
    <Cell ss:StyleID="s63"><Data ss:Type="String">中文(台灣)</Data></Cell>
   </Row>
   <Row ss:AutoFitHeight="0">
    <Cell ss:StyleID="s62"><Data ss:Type="String">基礎語言識別碼:</Data></Cell>
    <Cell ss:StyleID="s63"><Data ss:Type="Number">1028</Data></Cell>
   </Row>
   <Row ss:AutoFitHeight="0">
    <Cell ss:StyleID="s62"><Data ss:Type="String">解決方案名稱:</Data></Cell>
    <Cell ss:StyleID="s63"><Data ss:Type="String">RetailBankingCoreControls</Data></Cell>
   </Row>
  </Table>
  <WorksheetOptions xmlns="urn:schemas-microsoft-com:office:excel">
   <Selected/>
   <Panes>
    <Pane>
     <Number>3</Number>
     <ActiveCol>1</ActiveCol>
    </Pane>
   </Panes>
   <ProtectObjects>False</ProtectObjects>
   <ProtectScenarios>False</ProtectScenarios>
   <AllowFormatCells/>
   <AllowSizeCols/>
   <AllowSizeRows/>
   <AllowInsertCols/>
   <AllowInsertRows/>
   <AllowDeleteCols/>
   <AllowDeleteRows/>
   <AllowSort/>
   <AllowFilter/>
   <AllowUsePivotTables/>
  </WorksheetOptions>
 </Worksheet>
 <Worksheet ss:Name="顯示字串" ss:Protected="1" ss:Id="Display Strings">
  <Table ss:ExpandedColumnCount="5" ss:ExpandedRowCount="1" x:FullColumns="1"
   x:FullRows="1" ss:DefaultRowHeight="15">
   <Column ss:AutoFitWidth="0" ss:Width="105.75"/>
   <Column ss:AutoFitWidth="0" ss:Width="258"/>
   <Column ss:AutoFitWidth="0" ss:Width="90.75" ss:Span="2"/>
   <Row ss:AutoFitHeight="0">
    <Cell ss:StyleID="s62"><Data ss:Type="String">實體名稱</Data></Cell>
    <Cell ss:StyleID="s62"><Data ss:Type="String">顯示字串機碼</Data></Cell>
    <Cell ss:StyleID="s62"><Data ss:Type="Number">1028</Data></Cell>
   </Row>
  </Table>
  <WorksheetOptions xmlns="urn:schemas-microsoft-com:office:excel">
   <ProtectObjects>False</ProtectObjects>
   <ProtectScenarios>False</ProtectScenarios>
   <AllowFormatCells/>
   <AllowSizeCols/>
   <AllowSizeRows/>
   <AllowInsertCols/>
   <AllowInsertRows/>
   <AllowDeleteCols/>
   <AllowDeleteRows/>
   <AllowSort/>
   <AllowFilter/>
   <AllowUsePivotTables/>
  </WorksheetOptions>
 </Worksheet>
 <Worksheet ss:Name="當地語系化標籤" ss:Protected="1" ss:Id="Localized Labels">
  <Table ss:ExpandedColumnCount="6" ss:ExpandedRowCount="4" x:FullColumns="1"
   x:FullRows="1" ss:DefaultRowHeight="15">
   <Column ss:AutoFitWidth="0" ss:Width="105.75"/>
   <Column ss:Width="224.25"/>
   <Column ss:AutoFitWidth="0" ss:Width="105.75"/>
   <Column ss:AutoFitWidth="0" ss:Width="114.75" ss:Span="2"/>
   <Row ss:AutoFitHeight="0">
    <Cell ss:StyleID="s62"><Data ss:Type="String">實體名稱</Data></Cell>
    <Cell ss:StyleID="s62"><Data ss:Type="String">物件識別碼</Data></Cell>
    <Cell ss:StyleID="s62"><Data ss:Type="String">物件欄名稱</Data></Cell>
    <Cell ss:StyleID="s62"><Data ss:Type="Number">1028</Data></Cell>
   </Row>
   <Row ss:AutoFitHeight="0">
    <Cell ss:StyleID="s63"><Data ss:Type="String">Solution</Data></Cell>
    <Cell ss:StyleID="s63"><Data ss:Type="String">526cf4f8-dc97-4c52-90bd-021e7c0bac12</Data></Cell>
    <Cell ss:StyleID="s63"><Data ss:Type="String">friendlyname</Data></Cell>
    <Cell ss:StyleID="s65"><Data ss:Type="String">銀行業務核心控制項</Data></Cell>
   </Row>
   <Row ss:AutoFitHeight="0">
    <Cell ss:StyleID="s63"><Data ss:Type="String">Publisher</Data></Cell>
    <Cell ss:StyleID="s63"><Data ss:Type="String">bb078b71-63ee-4a0f-8988-ed2397e48606</Data></Cell>
    <Cell ss:StyleID="s63"><Data ss:Type="String">friendlyname</Data></Cell>
    <Cell ss:StyleID="s65"><Data ss:Type="String">Microsoft_FSI</Data></Cell>
   </Row>
   <Row ss:AutoFitHeight="0">
    <Cell ss:StyleID="s63"><Data ss:Type="String">Publisher</Data></Cell>
    <Cell ss:StyleID="s63"><Data ss:Type="String">bb078b71-63ee-4a0f-8988-ed2397e48606</Data></Cell>
    <Cell ss:StyleID="s63"><Data ss:Type="String">description</Data></Cell>
    <Cell ss:StyleID="s65"><Data ss:Type="String">Microsoft_FSI</Data></Cell>
   </Row>
  </Table>
  <WorksheetOptions xmlns="urn:schemas-microsoft-com:office:excel">
   <ProtectObjects>False</ProtectObjects>
   <ProtectScenarios>False</ProtectScenarios>
   <AllowFormatCells/>
   <AllowSizeCols/>
   <AllowSizeRows/>
   <AllowInsertCols/>
   <AllowInsertRows/>
   <AllowDeleteCols/>
   <AllowDeleteRows/>
   <AllowSort/>
   <AllowFilter/>
   <AllowUsePivotTables/>
  </WorksheetOptions>
 </Worksheet>
</Workbook>
