<?xml version="1.0"?><?mso-application progid="Excel.Sheet"?><Workbook xmlns="urn:schemas-microsoft-com:office:spreadsheet" xmlns:o="urn:schemas-microsoft-com:office:office" xmlns:x="urn:schemas-microsoft-com:office:excel" xmlns:ss="urn:schemas-microsoft-com:office:spreadsheet" xmlns:html="http://www.w3.org/TR/REC-html40"><DocumentProperties xmlns="urn:schemas-microsoft-com:office:office"></DocumentProperties><ExcelWorkbook xmlns="urn:schemas-microsoft-com:office:excel"><ActiveSheet>0</ActiveSheet><ProtectStructure>False</ProtectStructure><ProtectWindows>False</ProtectWindows></ExcelWorkbook><Styles><Style ss:ID="Default" ss:Name="Normal"><Alignment ss:Vertical="Bottom" /><Borders /><Font ss:FontName="Calibri" x:Family="Swiss" ss:Size="11" ss:Color="#000000" /><Interior /><NumberFormat /><Protection /></Style><Style ss:ID="s21"><Alignment ss:Horizontal="Left" ss:Vertical="Bottom" /><Font ss:FontName="Calibri" x:Family="Swiss" ss:Size="11" ss:Color="#000000" ss:Bold="1" /><Interior ss:Color="#CCCCFF" ss:Pattern="Solid" /><Protection /></Style><Style ss:ID="s22"><Alignment ss:Horizontal="Left" ss:Vertical="Bottom" /><Font ss:FontName="Calibri" x:Family="Swiss" ss:Size="11" ss:Color="#000000" /><Interior ss:Color="#CCCCFF" ss:Pattern="Solid" /></Style><Style ss:ID="s23"><Alignment ss:Horizontal="Left" ss:Vertical="Bottom" /><Interior ss:Color="#CCCCFF" ss:Pattern="Solid" /><NumberFormat ss:Format="[$-409]m/d/yy\ h:mm\ AM/PM;@" /></Style><Style ss:ID="s24"><Alignment ss:Vertical="Bottom" /><Borders /><Font ss:FontName="Calibri" x:Family="Swiss" ss:Size="11" ss:Color="#000000" /><Interior /><NumberFormat /><Protection ss:Protected="0" /></Style></Styles><Worksheet ss:Name="資訊" ss:Id="Information" ss:Protected="1"><Table><Column ss:AutoFitWidth="0" ss:Width="160.5" /><Column ss:AutoFitWidth="0" ss:Width="231" /><Row ss:AutoFitHeight="0"><Cell ss:StyleID="s21"><Data ss:Type="String">組織識別碼:</Data></Cell><Cell ss:StyleID="s22"><Data ss:Type="String"></Data></Cell></Row><Row ss:AutoFitHeight="0"><Cell ss:StyleID="s21"><Data ss:Type="String">匯出於:</Data></Cell><Cell ss:StyleID="s23"><Data ss:Type="DateTime">2023-11-22T19:25:14</Data></Cell></Row><Row ss:AutoFitHeight="0"><Cell ss:StyleID="s21"><Data ss:Type="String">基礎語言名稱:</Data></Cell><Cell ss:StyleID="s22"><Data ss:Type="String">中文(台灣)</Data></Cell></Row><Row ss:AutoFitHeight="0"><Cell ss:StyleID="s21"><Data ss:Type="String">基礎語言識別碼:</Data></Cell><Cell ss:StyleID="s22"><Data ss:Type="Number">1028</Data></Cell></Row><Row ss:AutoFitHeight="0"><Cell ss:StyleID="s21"><Data ss:Type="String">解決方案名稱:</Data></Cell><Cell ss:StyleID="s22"><Data ss:Type="String">LoanOnboardingStarterRibbon</Data></Cell></Row></Table><WorksheetOptions xmlns="urn:schemas-microsoft-com:office:excel"><ProtectObjects>False</ProtectObjects><ProtectScenarios>False</ProtectScenarios><AllowFormatCells /><AllowSizeCols /><AllowSizeRows /><AllowInsertCols /><AllowInsertRows /><AllowDeleteCols /><AllowDeleteRows /><AllowSort /><AllowFilter /><AllowUsePivotTables /></WorksheetOptions></Worksheet><Worksheet ss:Name="顯示字串" ss:Id="Display Strings" ss:Protected="1"><Table><Column ss:AutoFitWidth="0" ss:Width="105.75" /><Column ss:AutoFitWidth="0" ss:Width="258" /><Column ss:AutoFitWidth="0" ss:Width="90.75" ss:Span="2" /><Row ss:AutoFitHeight="0"><Cell ss:StyleID="s21"><Data ss:Type="String">實體名稱</Data></Cell><Cell ss:StyleID="s21"><Data ss:Type="String">顯示字串機碼</Data></Cell><Cell ss:StyleID="s21"><Data ss:Type="Number">1028</Data></Cell></Row></Table><WorksheetOptions xmlns="urn:schemas-microsoft-com:office:excel"><Selected /><ProtectObjects>False</ProtectObjects><ProtectScenarios>False</ProtectScenarios><AllowFormatCells /><AllowSizeCols /><AllowSizeRows /><AllowInsertCols /><AllowInsertRows /><AllowDeleteCols /><AllowDeleteRows /><AllowSort /><AllowFilter /><AllowUsePivotTables /></WorksheetOptions></Worksheet><Worksheet ss:Name="當地語系化標籤" ss:Id="Localized Labels" ss:Protected="1"><Table><Column ss:AutoFitWidth="0" ss:Width="105.75" /><Column ss:Width="224.25" /><Column ss:AutoFitWidth="0" ss:Width="105.75" /><Column ss:AutoFitWidth="0" ss:Width="114.75" ss:Span="2" /><Row ss:AutoFitHeight="0"><Cell ss:StyleID="s21"><Data ss:Type="String">實體名稱</Data></Cell><Cell ss:StyleID="s21"><Data ss:Type="String">物件識別碼</Data></Cell><Cell ss:StyleID="s21"><Data ss:Type="String">物件欄名稱</Data></Cell><Cell ss:StyleID="s21"><Data ss:Type="Number">1028</Data></Cell></Row><Row ss:AutoFitHeight="0"><Cell ss:StyleID="s22"><Data ss:Type="String">Solution</Data></Cell><Cell ss:StyleID="s22"><Data ss:Type="String">6c28bf84-a015-4574-8267-378d7d3353ec</Data></Cell><Cell ss:StyleID="s22"><Data ss:Type="String">friendlyname</Data></Cell><Cell ss:StyleID="s24"><Data ss:Type="String">Loan Onboarding Ribbon (Preview)</Data></Cell></Row><Row ss:AutoFitHeight="0"><Cell ss:StyleID="s22"><Data ss:Type="String">Publisher</Data></Cell><Cell ss:StyleID="s22"><Data ss:Type="String">ef8cd1cf-ca6b-41e1-a853-3b34ccaa16cd</Data></Cell><Cell ss:StyleID="s22"><Data ss:Type="String">friendlyname</Data></Cell><Cell ss:StyleID="s24"><Data ss:Type="String">Microsoft_FSI</Data></Cell></Row><Row ss:AutoFitHeight="0"><Cell ss:StyleID="s22"><Data ss:Type="String">Publisher</Data></Cell><Cell ss:StyleID="s22"><Data ss:Type="String">ef8cd1cf-ca6b-41e1-a853-3b34ccaa16cd</Data></Cell><Cell ss:StyleID="s22"><Data ss:Type="String">description</Data></Cell><Cell ss:StyleID="s24"><Data ss:Type="String">Microsoft_FSI</Data></Cell></Row><Row ss:AutoFitHeight="0"><Cell ss:StyleID="s22"><Data ss:Type="String">msfsi_application</Data></Cell><Cell ss:StyleID="s22"><Data ss:Type="String">80879a98-110a-4cf5-8286-3fcfc12ecae0</Data></Cell><Cell ss:StyleID="s22"><Data ss:Type="String">LocalizedCollectionName</Data></Cell><Cell ss:StyleID="s24"><Data ss:Type="String">Applications</Data></Cell></Row><Row ss:AutoFitHeight="0"><Cell ss:StyleID="s22"><Data ss:Type="String">msfsi_application</Data></Cell><Cell ss:StyleID="s22"><Data ss:Type="String">80879a98-110a-4cf5-8286-3fcfc12ecae0</Data></Cell><Cell ss:StyleID="s22"><Data ss:Type="String">LocalizedName</Data></Cell><Cell ss:StyleID="s24"><Data ss:Type="String">Application</Data></Cell></Row><Row ss:AutoFitHeight="0"><Cell ss:StyleID="s22"><Data ss:Type="String">msfsi_application</Data></Cell><Cell ss:StyleID="s22"><Data ss:Type="String">800175f0-8054-41a6-89fd-bdb3b8ecb5c4</Data></Cell><Cell ss:StyleID="s22"><Data ss:Type="String">Description</Data></Cell><Cell ss:StyleID="s24"><Data ss:Type="String">版本號碼</Data></Cell></Row><Row ss:AutoFitHeight="0"><Cell ss:StyleID="s22"><Data ss:Type="String">msfsi_application</Data></Cell><Cell ss:StyleID="s22"><Data ss:Type="String">800175f0-8054-41a6-89fd-bdb3b8ecb5c4</Data></Cell><Cell ss:StyleID="s22"><Data ss:Type="String">DisplayName</Data></Cell><Cell ss:StyleID="s24"><Data ss:Type="String">版本號碼</Data></Cell></Row><Row ss:AutoFitHeight="0"><Cell ss:StyleID="s22"><Data ss:Type="String">msfsi_application</Data></Cell><Cell ss:StyleID="s22"><Data ss:Type="String">365549b8-f903-4e9c-abf8-25cd25f7812e</Data></Cell><Cell ss:StyleID="s22"><Data ss:Type="String">Description</Data></Cell><Cell ss:StyleID="s24"><Data ss:Type="String">Date and time when the record was created.</Data></Cell></Row><Row ss:AutoFitHeight="0"><Cell ss:StyleID="s22"><Data ss:Type="String">msfsi_application</Data></Cell><Cell ss:StyleID="s22"><Data ss:Type="String">365549b8-f903-4e9c-abf8-25cd25f7812e</Data></Cell><Cell ss:StyleID="s22"><Data ss:Type="String">DisplayName</Data></Cell><Cell ss:StyleID="s24"><Data ss:Type="String">Created On</Data></Cell></Row><Row ss:AutoFitHeight="0"><Cell ss:StyleID="s22"><Data ss:Type="String">msfsi_application</Data></Cell><Cell ss:StyleID="s22"><Data ss:Type="String">ca1335ef-7955-4259-827c-4dbe0aadda72</Data></Cell><Cell ss:StyleID="s22"><Data ss:Type="String">Description</Data></Cell><Cell ss:StyleID="s24"><Data ss:Type="String">Placeholder for selected tasks group</Data></Cell></Row><Row ss:AutoFitHeight="0"><Cell ss:StyleID="s22"><Data ss:Type="String">msfsi_application</Data></Cell><Cell ss:StyleID="s22"><Data ss:Type="String">ca1335ef-7955-4259-827c-4dbe0aadda72</Data></Cell><Cell ss:StyleID="s22"><Data ss:Type="String">DisplayName</Data></Cell><Cell ss:StyleID="s24"><Data ss:Type="String">Selected tasks group placeholder</Data></Cell></Row><Row ss:AutoFitHeight="0"><Cell ss:StyleID="s22"><Data ss:Type="String">msfsi_application</Data></Cell><Cell ss:StyleID="s22"><Data ss:Type="String">e78a5d18-63af-41c8-bbee-c84b2c97fbdd</Data></Cell><Cell ss:StyleID="s22"><Data ss:Type="String">Description</Data></Cell><Cell ss:StyleID="s24"><Data ss:Type="String">The business scenario of the application.</Data></Cell></Row><Row ss:AutoFitHeight="0"><Cell ss:StyleID="s22"><Data ss:Type="String">msfsi_application</Data></Cell><Cell ss:StyleID="s22"><Data ss:Type="String">e78a5d18-63af-41c8-bbee-c84b2c97fbdd</Data></Cell><Cell ss:StyleID="s22"><Data ss:Type="String">DisplayName</Data></Cell><Cell ss:StyleID="s24"><Data ss:Type="String">Business scenario</Data></Cell></Row><Row ss:AutoFitHeight="0"><Cell ss:StyleID="s22"><Data ss:Type="String">msfsi_application</Data></Cell><Cell ss:StyleID="s22"><Data ss:Type="String">7f503433-42bf-492b-8381-22fcd58294f3</Data></Cell><Cell ss:StyleID="s22"><Data ss:Type="String">Description</Data></Cell><Cell ss:StyleID="s24"><Data ss:Type="String">Placeholder for onboarding application app</Data></Cell></Row><Row ss:AutoFitHeight="0"><Cell ss:StyleID="s22"><Data ss:Type="String">msfsi_application</Data></Cell><Cell ss:StyleID="s22"><Data ss:Type="String">7f503433-42bf-492b-8381-22fcd58294f3</Data></Cell><Cell ss:StyleID="s22"><Data ss:Type="String">DisplayName</Data></Cell><Cell ss:StyleID="s24"><Data ss:Type="String">Applicant list placeholder</Data></Cell></Row><Row ss:AutoFitHeight="0"><Cell ss:StyleID="s22"><Data ss:Type="String">msfsi_application</Data></Cell><Cell ss:StyleID="s22"><Data ss:Type="String">073524f2-45b5-4f01-b1b1-490f4cd91e75</Data></Cell><Cell ss:StyleID="s22"><Data ss:Type="String">DisplayName</Data></Cell><Cell ss:StyleID="s24"><Data ss:Type="String">Term (months)</Data></Cell></Row><Row ss:AutoFitHeight="0"><Cell ss:StyleID="s22"><Data ss:Type="String">msfsi_application</Data></Cell><Cell ss:StyleID="s22"><Data ss:Type="String">7c3e0504-d830-49d5-8aab-f1939848ebf5</Data></Cell><Cell ss:StyleID="s22"><Data ss:Type="String">Description</Data></Cell><Cell ss:StyleID="s24"><Data ss:Type="String">負責人識別碼類型</Data></Cell></Row><Row ss:AutoFitHeight="0"><Cell ss:StyleID="s22"><Data ss:Type="String">msfsi_application</Data></Cell><Cell ss:StyleID="s22"><Data ss:Type="String">452f36fc-aa02-4dd5-abc9-8fcce7551053</Data></Cell><Cell ss:StyleID="s22"><Data ss:Type="String">Description</Data></Cell><Cell ss:StyleID="s24"><Data ss:Type="String">Unique identifier of the delegate user who created the record.</Data></Cell></Row><Row ss:AutoFitHeight="0"><Cell ss:StyleID="s22"><Data ss:Type="String">msfsi_application</Data></Cell><Cell ss:StyleID="s22"><Data ss:Type="String">452f36fc-aa02-4dd5-abc9-8fcce7551053</Data></Cell><Cell ss:StyleID="s22"><Data ss:Type="String">DisplayName</Data></Cell><Cell ss:StyleID="s24"><Data ss:Type="String">Created By (Delegate)</Data></Cell></Row><Row ss:AutoFitHeight="0"><Cell ss:StyleID="s22"><Data ss:Type="String">msfsi_application</Data></Cell><Cell ss:StyleID="s22"><Data ss:Type="String">a524dae0-82e9-4a4f-9f24-7b6f31b365f6</Data></Cell><Cell ss:StyleID="s22"><Data ss:Type="String">Description</Data></Cell><Cell ss:StyleID="s24"><Data ss:Type="String">負責人的名稱</Data></Cell></Row><Row ss:AutoFitHeight="0"><Cell ss:StyleID="s22"><Data ss:Type="String">msfsi_application</Data></Cell><Cell ss:StyleID="s22"><Data ss:Type="String">3935bf14-6452-4c8b-a46b-2740acffc35b</Data></Cell><Cell ss:StyleID="s22"><Data ss:Type="String">Description</Data></Cell><Cell ss:StyleID="s24"><Data ss:Type="String">Date and time that the record was migrated.</Data></Cell></Row><Row ss:AutoFitHeight="0"><Cell ss:StyleID="s22"><Data ss:Type="String">msfsi_application</Data></Cell><Cell ss:StyleID="s22"><Data ss:Type="String">3935bf14-6452-4c8b-a46b-2740acffc35b</Data></Cell><Cell ss:StyleID="s22"><Data ss:Type="String">DisplayName</Data></Cell><Cell ss:StyleID="s24"><Data ss:Type="String">Record Created On</Data></Cell></Row><Row ss:AutoFitHeight="0"><Cell ss:StyleID="s22"><Data ss:Type="String">msfsi_application</Data></Cell><Cell ss:StyleID="s22"><Data ss:Type="String">a2114e99-ec31-4587-b307-b3e579439dd4</Data></Cell><Cell ss:StyleID="s22"><Data ss:Type="String">Description</Data></Cell><Cell ss:StyleID="s24"><Data ss:Type="String">The type of the requested loan.</Data></Cell></Row><Row ss:AutoFitHeight="0"><Cell ss:StyleID="s22"><Data ss:Type="String">msfsi_application</Data></Cell><Cell ss:StyleID="s22"><Data ss:Type="String">a2114e99-ec31-4587-b307-b3e579439dd4</Data></Cell><Cell ss:StyleID="s22"><Data ss:Type="String">DisplayName</Data></Cell><Cell ss:StyleID="s24"><Data ss:Type="String">Type</Data></Cell></Row><Row ss:AutoFitHeight="0"><Cell ss:StyleID="s22"><Data ss:Type="String">msfsi_application</Data></Cell><Cell ss:StyleID="s22"><Data ss:Type="String">bfe75333-55e1-4a4f-8e48-2a2f509b2f5f</Data></Cell><Cell ss:StyleID="s22"><Data ss:Type="String">Description</Data></Cell><Cell ss:StyleID="s24"><Data ss:Type="String">Unique identifier of the delegate user who modified the record.</Data></Cell></Row><Row ss:AutoFitHeight="0"><Cell ss:StyleID="s22"><Data ss:Type="String">msfsi_application</Data></Cell><Cell ss:StyleID="s22"><Data ss:Type="String">bfe75333-55e1-4a4f-8e48-2a2f509b2f5f</Data></Cell><Cell ss:StyleID="s22"><Data ss:Type="String">DisplayName</Data></Cell><Cell ss:StyleID="s24"><Data ss:Type="String">Modified By (Delegate)</Data></Cell></Row><Row ss:AutoFitHeight="0"><Cell ss:StyleID="s22"><Data ss:Type="String">msfsi_application</Data></Cell><Cell ss:StyleID="s22"><Data ss:Type="String">68f4ebee-451f-4787-9a32-4332cd14d4de</Data></Cell><Cell ss:StyleID="s22"><Data ss:Type="String">Description</Data></Cell><Cell ss:StyleID="s24"><Data ss:Type="String">實體相關貨幣對基準貨幣的匯率。</Data></Cell></Row><Row ss:AutoFitHeight="0"><Cell ss:StyleID="s22"><Data ss:Type="String">msfsi_application</Data></Cell><Cell ss:StyleID="s22"><Data ss:Type="String">68f4ebee-451f-4787-9a32-4332cd14d4de</Data></Cell><Cell ss:StyleID="s22"><Data ss:Type="String">DisplayName</Data></Cell><Cell ss:StyleID="s24"><Data ss:Type="String">匯率</Data></Cell></Row><Row ss:AutoFitHeight="0"><Cell ss:StyleID="s22"><Data ss:Type="String">msfsi_application</Data></Cell><Cell ss:StyleID="s22"><Data ss:Type="String">c7c688e1-a678-43dd-b3d4-7da25f1efe4b</Data></Cell><Cell ss:StyleID="s22"><Data ss:Type="String">Description</Data></Cell><Cell ss:StyleID="s24"><Data ss:Type="String">Value of the Principal amount in base currency.</Data></Cell></Row><Row ss:AutoFitHeight="0"><Cell ss:StyleID="s22"><Data ss:Type="String">msfsi_application</Data></Cell><Cell ss:StyleID="s22"><Data ss:Type="String">c7c688e1-a678-43dd-b3d4-7da25f1efe4b</Data></Cell><Cell ss:StyleID="s22"><Data ss:Type="String">DisplayName</Data></Cell><Cell ss:StyleID="s24"><Data ss:Type="String">Principal amount (Base)</Data></Cell></Row><Row ss:AutoFitHeight="0"><Cell ss:StyleID="s22"><Data ss:Type="String">msfsi_application</Data></Cell><Cell ss:StyleID="s22"><Data ss:Type="String">9a0de62e-1dbe-4777-8545-15abbdfcd4aa</Data></Cell><Cell ss:StyleID="s22"><Data ss:Type="String">Description</Data></Cell><Cell ss:StyleID="s24"><Data ss:Type="String">Unique identifier for the team that owns the record.</Data></Cell></Row><Row ss:AutoFitHeight="0"><Cell ss:StyleID="s22"><Data ss:Type="String">msfsi_application</Data></Cell><Cell ss:StyleID="s22"><Data ss:Type="String">9a0de62e-1dbe-4777-8545-15abbdfcd4aa</Data></Cell><Cell ss:StyleID="s22"><Data ss:Type="String">DisplayName</Data></Cell><Cell ss:StyleID="s24"><Data ss:Type="String">Owning Team</Data></Cell></Row><Row ss:AutoFitHeight="0"><Cell ss:StyleID="s22"><Data ss:Type="String">msfsi_application</Data></Cell><Cell ss:StyleID="s22"><Data ss:Type="String">f9df36a7-3274-42b4-8e76-e61f37860b0d</Data></Cell><Cell ss:StyleID="s22"><Data ss:Type="String">Description</Data></Cell><Cell ss:StyleID="s24"><Data ss:Type="String">Unique identifier for entity instances</Data></Cell></Row><Row ss:AutoFitHeight="0"><Cell ss:StyleID="s22"><Data ss:Type="String">msfsi_application</Data></Cell><Cell ss:StyleID="s22"><Data ss:Type="String">f9df36a7-3274-42b4-8e76-e61f37860b0d</Data></Cell><Cell ss:StyleID="s22"><Data ss:Type="String">DisplayName</Data></Cell><Cell ss:StyleID="s24"><Data ss:Type="String">Application</Data></Cell></Row><Row ss:AutoFitHeight="0"><Cell ss:StyleID="s22"><Data ss:Type="String">msfsi_application</Data></Cell><Cell ss:StyleID="s22"><Data ss:Type="String">2b3f0e0f-cef6-42d6-8226-4526e411a5d5</Data></Cell><Cell ss:StyleID="s22"><Data ss:Type="String">Description</Data></Cell><Cell ss:StyleID="s24"><Data ss:Type="String">Status of the Application</Data></Cell></Row><Row ss:AutoFitHeight="0"><Cell ss:StyleID="s22"><Data ss:Type="String">msfsi_application</Data></Cell><Cell ss:StyleID="s22"><Data ss:Type="String">2b3f0e0f-cef6-42d6-8226-4526e411a5d5</Data></Cell><Cell ss:StyleID="s22"><Data ss:Type="String">DisplayName</Data></Cell><Cell ss:StyleID="s24"><Data ss:Type="String">Status</Data></Cell></Row><Row ss:AutoFitHeight="0"><Cell ss:StyleID="s22"><Data ss:Type="String">msfsi_application</Data></Cell><Cell ss:StyleID="s22"><Data ss:Type="String">819c23e1-3989-ee11-8179-00224805cf56</Data></Cell><Cell ss:StyleID="s22"><Data ss:Type="String">DisplayName</Data></Cell><Cell ss:StyleID="s24"><Data ss:Type="String">狀態</Data></Cell></Row><Row ss:AutoFitHeight="0"><Cell ss:StyleID="s22"><Data ss:Type="String">msfsi_application</Data></Cell><Cell ss:StyleID="s22"><Data ss:Type="String">819c23e1-3989-ee11-8179-00224805cf56</Data></Cell><Cell ss:StyleID="s22"><Data ss:Type="String">Description</Data></Cell><Cell ss:StyleID="s24"><Data ss:Type="String">Application的狀態</Data></Cell></Row><Row ss:AutoFitHeight="0"><Cell ss:StyleID="s22"><Data ss:Type="String">msfsi_application</Data></Cell><Cell ss:StyleID="s22"><Data ss:Type="String">239a8bdd-4100-4c80-936c-3710a7cb98c9</Data></Cell><Cell ss:StyleID="s22"><Data ss:Type="String">DisplayName</Data></Cell><Cell ss:StyleID="s24"><Data ss:Type="String">Active</Data></Cell></Row><Row ss:AutoFitHeight="0"><Cell ss:StyleID="s22"><Data ss:Type="String">msfsi_application</Data></Cell><Cell ss:StyleID="s22"><Data ss:Type="String">49a09f81-9aaa-4b11-bea4-2749302b3b87</Data></Cell><Cell ss:StyleID="s22"><Data ss:Type="String">DisplayName</Data></Cell><Cell ss:StyleID="s24"><Data ss:Type="String">Inactive</Data></Cell></Row><Row ss:AutoFitHeight="0"><Cell ss:StyleID="s22"><Data ss:Type="String">msfsi_application</Data></Cell><Cell ss:StyleID="s22"><Data ss:Type="String">30f6d242-a4b6-4b22-aed8-259d93ed6292</Data></Cell><Cell ss:StyleID="s22"><Data ss:Type="String">Description</Data></Cell><Cell ss:StyleID="s24"><Data ss:Type="String">Optional additional comment about the archived application.</Data></Cell></Row><Row ss:AutoFitHeight="0"><Cell ss:StyleID="s22"><Data ss:Type="String">msfsi_application</Data></Cell><Cell ss:StyleID="s22"><Data ss:Type="String">30f6d242-a4b6-4b22-aed8-259d93ed6292</Data></Cell><Cell ss:StyleID="s22"><Data ss:Type="String">DisplayName</Data></Cell><Cell ss:StyleID="s24"><Data ss:Type="String">Archive comment</Data></Cell></Row><Row ss:AutoFitHeight="0"><Cell ss:StyleID="s22"><Data ss:Type="String">msfsi_application</Data></Cell><Cell ss:StyleID="s22"><Data ss:Type="String">276a95a6-8c3a-4f77-beb7-97192501c44d</Data></Cell><Cell ss:StyleID="s22"><Data ss:Type="String">Description</Data></Cell><Cell ss:StyleID="s24"><Data ss:Type="String">The extended data table of the application.</Data></Cell></Row><Row ss:AutoFitHeight="0"><Cell ss:StyleID="s22"><Data ss:Type="String">msfsi_application</Data></Cell><Cell ss:StyleID="s22"><Data ss:Type="String">276a95a6-8c3a-4f77-beb7-97192501c44d</Data></Cell><Cell ss:StyleID="s22"><Data ss:Type="String">DisplayName</Data></Cell><Cell ss:StyleID="s24"><Data ss:Type="String">Details</Data></Cell></Row><Row ss:AutoFitHeight="0"><Cell ss:StyleID="s22"><Data ss:Type="String">msfsi_application</Data></Cell><Cell ss:StyleID="s22"><Data ss:Type="String">2641e2ec-5e73-4929-b50e-376ecb92cc25</Data></Cell><Cell ss:StyleID="s22"><Data ss:Type="String">Description</Data></Cell><Cell ss:StyleID="s24"><Data ss:Type="String">Amount of money borrowed for the loan.</Data></Cell></Row><Row ss:AutoFitHeight="0"><Cell ss:StyleID="s22"><Data ss:Type="String">msfsi_application</Data></Cell><Cell ss:StyleID="s22"><Data ss:Type="String">2641e2ec-5e73-4929-b50e-376ecb92cc25</Data></Cell><Cell ss:StyleID="s22"><Data ss:Type="String">DisplayName</Data></Cell><Cell ss:StyleID="s24"><Data ss:Type="String">Principal amount</Data></Cell></Row><Row ss:AutoFitHeight="0"><Cell ss:StyleID="s22"><Data ss:Type="String">msfsi_application</Data></Cell><Cell ss:StyleID="s22"><Data ss:Type="String">f8aa5328-3404-429f-8c9b-c9ec51790209</Data></Cell><Cell ss:StyleID="s22"><Data ss:Type="String">DisplayName</Data></Cell><Cell ss:StyleID="s24"><Data ss:Type="String">Text placeholder</Data></Cell></Row><Row ss:AutoFitHeight="0"><Cell ss:StyleID="s22"><Data ss:Type="String">msfsi_application</Data></Cell><Cell ss:StyleID="s22"><Data ss:Type="String">93d3bd70-02b8-4a01-be0d-9b42a5ae217d</Data></Cell><Cell ss:StyleID="s22"><Data ss:Type="String">Description</Data></Cell><Cell ss:StyleID="s24"><Data ss:Type="String">Unique identifier for the user that owns the record.</Data></Cell></Row><Row ss:AutoFitHeight="0"><Cell ss:StyleID="s22"><Data ss:Type="String">msfsi_application</Data></Cell><Cell ss:StyleID="s22"><Data ss:Type="String">93d3bd70-02b8-4a01-be0d-9b42a5ae217d</Data></Cell><Cell ss:StyleID="s22"><Data ss:Type="String">DisplayName</Data></Cell><Cell ss:StyleID="s24"><Data ss:Type="String">Owning User</Data></Cell></Row><Row ss:AutoFitHeight="0"><Cell ss:StyleID="s22"><Data ss:Type="String">msfsi_application</Data></Cell><Cell ss:StyleID="s22"><Data ss:Type="String">28d5dbc2-9567-4acb-be51-1f07f482fa8a</Data></Cell><Cell ss:StyleID="s22"><Data ss:Type="String">Description</Data></Cell><Cell ss:StyleID="s24"><Data ss:Type="String">A comma separated list of string values representing the unique identifiers of stages in a Business Process Flow Instance in the order that they occur.</Data></Cell></Row><Row ss:AutoFitHeight="0"><Cell ss:StyleID="s22"><Data ss:Type="String">msfsi_application</Data></Cell><Cell ss:StyleID="s22"><Data ss:Type="String">28d5dbc2-9567-4acb-be51-1f07f482fa8a</Data></Cell><Cell ss:StyleID="s22"><Data ss:Type="String">DisplayName</Data></Cell><Cell ss:StyleID="s24"><Data ss:Type="String">(Deprecated) Traversed Path</Data></Cell></Row><Row ss:AutoFitHeight="0"><Cell ss:StyleID="s22"><Data ss:Type="String">msfsi_application</Data></Cell><Cell ss:StyleID="s22"><Data ss:Type="String">a3e43f4f-dd68-4e00-b2c9-7084efa7adf9</Data></Cell><Cell ss:StyleID="s22"><Data ss:Type="String">Description</Data></Cell><Cell ss:StyleID="s24"><Data ss:Type="String">The category of the product being applied for.</Data></Cell></Row><Row ss:AutoFitHeight="0"><Cell ss:StyleID="s22"><Data ss:Type="String">msfsi_application</Data></Cell><Cell ss:StyleID="s22"><Data ss:Type="String">a3e43f4f-dd68-4e00-b2c9-7084efa7adf9</Data></Cell><Cell ss:StyleID="s22"><Data ss:Type="String">DisplayName</Data></Cell><Cell ss:StyleID="s24"><Data ss:Type="String">Category</Data></Cell></Row><Row ss:AutoFitHeight="0"><Cell ss:StyleID="s22"><Data ss:Type="String">msfsi_application</Data></Cell><Cell ss:StyleID="s22"><Data ss:Type="String">c95dd875-bd7c-459a-b716-178b63075bb5</Data></Cell><Cell ss:StyleID="s22"><Data ss:Type="String">Description</Data></Cell><Cell ss:StyleID="s24"><Data ss:Type="String">Time zone code that was in use when the record was created.</Data></Cell></Row><Row ss:AutoFitHeight="0"><Cell ss:StyleID="s22"><Data ss:Type="String">msfsi_application</Data></Cell><Cell ss:StyleID="s22"><Data ss:Type="String">c95dd875-bd7c-459a-b716-178b63075bb5</Data></Cell><Cell ss:StyleID="s22"><Data ss:Type="String">DisplayName</Data></Cell><Cell ss:StyleID="s24"><Data ss:Type="String">UTC Conversion Time Zone Code</Data></Cell></Row><Row ss:AutoFitHeight="0"><Cell ss:StyleID="s22"><Data ss:Type="String">msfsi_application</Data></Cell><Cell ss:StyleID="s22"><Data ss:Type="String">aaa847ee-a7b7-49e5-a0b1-c43ab47572f0</Data></Cell><Cell ss:StyleID="s22"><Data ss:Type="String">Description</Data></Cell><Cell ss:StyleID="s24"><Data ss:Type="String">For internal use only.</Data></Cell></Row><Row ss:AutoFitHeight="0"><Cell ss:StyleID="s22"><Data ss:Type="String">msfsi_application</Data></Cell><Cell ss:StyleID="s22"><Data ss:Type="String">aaa847ee-a7b7-49e5-a0b1-c43ab47572f0</Data></Cell><Cell ss:StyleID="s22"><Data ss:Type="String">DisplayName</Data></Cell><Cell ss:StyleID="s24"><Data ss:Type="String">Time Zone Rule Version Number</Data></Cell></Row><Row ss:AutoFitHeight="0"><Cell ss:StyleID="s22"><Data ss:Type="String">msfsi_application</Data></Cell><Cell ss:StyleID="s22"><Data ss:Type="String">c8c75bfc-40ff-455d-b85c-183a1ab6596d</Data></Cell><Cell ss:StyleID="s22"><Data ss:Type="String">Description</Data></Cell><Cell ss:StyleID="s24"><Data ss:Type="String">Owner Id</Data></Cell></Row><Row ss:AutoFitHeight="0"><Cell ss:StyleID="s22"><Data ss:Type="String">msfsi_application</Data></Cell><Cell ss:StyleID="s22"><Data ss:Type="String">c8c75bfc-40ff-455d-b85c-183a1ab6596d</Data></Cell><Cell ss:StyleID="s22"><Data ss:Type="String">DisplayName</Data></Cell><Cell ss:StyleID="s24"><Data ss:Type="String">Owner</Data></Cell></Row><Row ss:AutoFitHeight="0"><Cell ss:StyleID="s22"><Data ss:Type="String">msfsi_application</Data></Cell><Cell ss:StyleID="s22"><Data ss:Type="String">9f9fc793-e968-425a-bec0-f3a6dea5af98</Data></Cell><Cell ss:StyleID="s22"><Data ss:Type="String">Description</Data></Cell><Cell ss:StyleID="s24"><Data ss:Type="String">Date and time when the record was modified.</Data></Cell></Row><Row ss:AutoFitHeight="0"><Cell ss:StyleID="s22"><Data ss:Type="String">msfsi_application</Data></Cell><Cell ss:StyleID="s22"><Data ss:Type="String">9f9fc793-e968-425a-bec0-f3a6dea5af98</Data></Cell><Cell ss:StyleID="s22"><Data ss:Type="String">DisplayName</Data></Cell><Cell ss:StyleID="s24"><Data ss:Type="String">Modified On</Data></Cell></Row><Row ss:AutoFitHeight="0"><Cell ss:StyleID="s22"><Data ss:Type="String">msfsi_application</Data></Cell><Cell ss:StyleID="s22"><Data ss:Type="String">724271ef-7678-46c9-92c3-02ee0b7d6738</Data></Cell><Cell ss:StyleID="s22"><Data ss:Type="String">Description</Data></Cell><Cell ss:StyleID="s24"><Data ss:Type="String">Sequence number of the import that created this record.</Data></Cell></Row><Row ss:AutoFitHeight="0"><Cell ss:StyleID="s22"><Data ss:Type="String">msfsi_application</Data></Cell><Cell ss:StyleID="s22"><Data ss:Type="String">724271ef-7678-46c9-92c3-02ee0b7d6738</Data></Cell><Cell ss:StyleID="s22"><Data ss:Type="String">DisplayName</Data></Cell><Cell ss:StyleID="s24"><Data ss:Type="String">Import Sequence Number</Data></Cell></Row><Row ss:AutoFitHeight="0"><Cell ss:StyleID="s22"><Data ss:Type="String">msfsi_application</Data></Cell><Cell ss:StyleID="s22"><Data ss:Type="String">609c23e1-3989-ee11-8179-00224805cf56</Data></Cell><Cell ss:StyleID="s22"><Data ss:Type="String">Description</Data></Cell><Cell ss:StyleID="s24"><Data ss:Type="String">負責人的拼音姓名</Data></Cell></Row><Row ss:AutoFitHeight="0"><Cell ss:StyleID="s22"><Data ss:Type="String">msfsi_application</Data></Cell><Cell ss:StyleID="s22"><Data ss:Type="String">40cde680-4f57-402d-9d78-50d90cc0715d</Data></Cell><Cell ss:StyleID="s22"><Data ss:Type="String">Description</Data></Cell><Cell ss:StyleID="s24"><Data ss:Type="String">Indicates the reason for archiving an application.</Data></Cell></Row><Row ss:AutoFitHeight="0"><Cell ss:StyleID="s22"><Data ss:Type="String">msfsi_application</Data></Cell><Cell ss:StyleID="s22"><Data ss:Type="String">40cde680-4f57-402d-9d78-50d90cc0715d</Data></Cell><Cell ss:StyleID="s22"><Data ss:Type="String">DisplayName</Data></Cell><Cell ss:StyleID="s24"><Data ss:Type="String">Reason for archive</Data></Cell></Row><Row ss:AutoFitHeight="0"><Cell ss:StyleID="s22"><Data ss:Type="String">msfsi_application</Data></Cell><Cell ss:StyleID="s22"><Data ss:Type="String">31eacef1-3208-4e04-bacc-94f501bf895d</Data></Cell><Cell ss:StyleID="s22"><Data ss:Type="String">Description</Data></Cell><Cell ss:StyleID="s24"><Data ss:Type="String">Description of the application.</Data></Cell></Row><Row ss:AutoFitHeight="0"><Cell ss:StyleID="s22"><Data ss:Type="String">msfsi_application</Data></Cell><Cell ss:StyleID="s22"><Data ss:Type="String">31eacef1-3208-4e04-bacc-94f501bf895d</Data></Cell><Cell ss:StyleID="s22"><Data ss:Type="String">DisplayName</Data></Cell><Cell ss:StyleID="s24"><Data ss:Type="String">Description</Data></Cell></Row><Row ss:AutoFitHeight="0"><Cell ss:StyleID="s22"><Data ss:Type="String">msfsi_application</Data></Cell><Cell ss:StyleID="s22"><Data ss:Type="String">523777d8-d52c-49e2-97bb-c8e19f61a24d</Data></Cell><Cell ss:StyleID="s22"><Data ss:Type="String">Description</Data></Cell><Cell ss:StyleID="s24"><Data ss:Type="String">Contains the id of the process associated with the entity.</Data></Cell></Row><Row ss:AutoFitHeight="0"><Cell ss:StyleID="s22"><Data ss:Type="String">msfsi_application</Data></Cell><Cell ss:StyleID="s22"><Data ss:Type="String">523777d8-d52c-49e2-97bb-c8e19f61a24d</Data></Cell><Cell ss:StyleID="s22"><Data ss:Type="String">DisplayName</Data></Cell><Cell ss:StyleID="s24"><Data ss:Type="String">Process Id</Data></Cell></Row><Row ss:AutoFitHeight="0"><Cell ss:StyleID="s22"><Data ss:Type="String">msfsi_application</Data></Cell><Cell ss:StyleID="s22"><Data ss:Type="String">f2f8a303-a3be-48af-a588-911bbbd06bb2</Data></Cell><Cell ss:StyleID="s22"><Data ss:Type="String">Description</Data></Cell><Cell ss:StyleID="s24"><Data ss:Type="String">The interest rate of the account application.</Data></Cell></Row><Row ss:AutoFitHeight="0"><Cell ss:StyleID="s22"><Data ss:Type="String">msfsi_application</Data></Cell><Cell ss:StyleID="s22"><Data ss:Type="String">f2f8a303-a3be-48af-a588-911bbbd06bb2</Data></Cell><Cell ss:StyleID="s22"><Data ss:Type="String">DisplayName</Data></Cell><Cell ss:StyleID="s24"><Data ss:Type="String">Interest rate</Data></Cell></Row><Row ss:AutoFitHeight="0"><Cell ss:StyleID="s22"><Data ss:Type="String">msfsi_application</Data></Cell><Cell ss:StyleID="s22"><Data ss:Type="String">42d9c7d6-03f8-4242-8d71-bc8c06257e4f</Data></Cell><Cell ss:StyleID="s22"><Data ss:Type="String">Description</Data></Cell><Cell ss:StyleID="s24"><Data ss:Type="String">Contains the id of the stage where the entity is located.</Data></Cell></Row><Row ss:AutoFitHeight="0"><Cell ss:StyleID="s22"><Data ss:Type="String">msfsi_application</Data></Cell><Cell ss:StyleID="s22"><Data ss:Type="String">42d9c7d6-03f8-4242-8d71-bc8c06257e4f</Data></Cell><Cell ss:StyleID="s22"><Data ss:Type="String">DisplayName</Data></Cell><Cell ss:StyleID="s24"><Data ss:Type="String">(Deprecated) Stage Id</Data></Cell></Row><Row ss:AutoFitHeight="0"><Cell ss:StyleID="s22"><Data ss:Type="String">msfsi_application</Data></Cell><Cell ss:StyleID="s22"><Data ss:Type="String">deb3961a-8fcb-4da2-aa55-8c83998ee197</Data></Cell><Cell ss:StyleID="s22"><Data ss:Type="String">DisplayName</Data></Cell><Cell ss:StyleID="s24"><Data ss:Type="String">Name</Data></Cell></Row><Row ss:AutoFitHeight="0"><Cell ss:StyleID="s22"><Data ss:Type="String">msfsi_application</Data></Cell><Cell ss:StyleID="s22"><Data ss:Type="String">650289e0-3ee0-4d91-b9fd-c2f6de168e8f</Data></Cell><Cell ss:StyleID="s22"><Data ss:Type="String">Description</Data></Cell><Cell ss:StyleID="s24"><Data ss:Type="String">The date when the application was archived.</Data></Cell></Row><Row ss:AutoFitHeight="0"><Cell ss:StyleID="s22"><Data ss:Type="String">msfsi_application</Data></Cell><Cell ss:StyleID="s22"><Data ss:Type="String">650289e0-3ee0-4d91-b9fd-c2f6de168e8f</Data></Cell><Cell ss:StyleID="s22"><Data ss:Type="String">DisplayName</Data></Cell><Cell ss:StyleID="s24"><Data ss:Type="String">Archive date</Data></Cell></Row><Row ss:AutoFitHeight="0"><Cell ss:StyleID="s22"><Data ss:Type="String">msfsi_application</Data></Cell><Cell ss:StyleID="s22"><Data ss:Type="String">c543d943-9364-4f63-aec6-736ecf3b123b</Data></Cell><Cell ss:StyleID="s22"><Data ss:Type="String">Description</Data></Cell><Cell ss:StyleID="s24"><Data ss:Type="String">The primary application contact of the .</Data></Cell></Row><Row ss:AutoFitHeight="0"><Cell ss:StyleID="s22"><Data ss:Type="String">msfsi_application</Data></Cell><Cell ss:StyleID="s22"><Data ss:Type="String">c543d943-9364-4f63-aec6-736ecf3b123b</Data></Cell><Cell ss:StyleID="s22"><Data ss:Type="String">DisplayName</Data></Cell><Cell ss:StyleID="s24"><Data ss:Type="String">Primary applicant</Data></Cell></Row><Row ss:AutoFitHeight="0"><Cell ss:StyleID="s22"><Data ss:Type="String">msfsi_application</Data></Cell><Cell ss:StyleID="s22"><Data ss:Type="String">9e9a15e8-0877-44a7-adf8-f72e58400d27</Data></Cell><Cell ss:StyleID="s22"><Data ss:Type="String">Description</Data></Cell><Cell ss:StyleID="s24"><Data ss:Type="String">實體關聯貨幣的唯一識別碼。</Data></Cell></Row><Row ss:AutoFitHeight="0"><Cell ss:StyleID="s22"><Data ss:Type="String">msfsi_application</Data></Cell><Cell ss:StyleID="s22"><Data ss:Type="String">9e9a15e8-0877-44a7-adf8-f72e58400d27</Data></Cell><Cell ss:StyleID="s22"><Data ss:Type="String">DisplayName</Data></Cell><Cell ss:StyleID="s24"><Data ss:Type="String">貨幣</Data></Cell></Row><Row ss:AutoFitHeight="0"><Cell ss:StyleID="s22"><Data ss:Type="String">msfsi_application</Data></Cell><Cell ss:StyleID="s22"><Data ss:Type="String">aebd1c90-3013-443d-879f-3b5f79f59473</Data></Cell><Cell ss:StyleID="s22"><Data ss:Type="String">Description</Data></Cell><Cell ss:StyleID="s24"><Data ss:Type="String">Unique identifier of the user who created the record.</Data></Cell></Row><Row ss:AutoFitHeight="0"><Cell ss:StyleID="s22"><Data ss:Type="String">msfsi_application</Data></Cell><Cell ss:StyleID="s22"><Data ss:Type="String">aebd1c90-3013-443d-879f-3b5f79f59473</Data></Cell><Cell ss:StyleID="s22"><Data ss:Type="String">DisplayName</Data></Cell><Cell ss:StyleID="s24"><Data ss:Type="String">Created By</Data></Cell></Row><Row ss:AutoFitHeight="0"><Cell ss:StyleID="s22"><Data ss:Type="String">msfsi_application</Data></Cell><Cell ss:StyleID="s22"><Data ss:Type="String">4ff3b7f3-4607-4c42-928c-13cb2dc9608a</Data></Cell><Cell ss:StyleID="s22"><Data ss:Type="String">Description</Data></Cell><Cell ss:StyleID="s24"><Data ss:Type="String">Unique identifier of the user who modified the record.</Data></Cell></Row><Row ss:AutoFitHeight="0"><Cell ss:StyleID="s22"><Data ss:Type="String">msfsi_application</Data></Cell><Cell ss:StyleID="s22"><Data ss:Type="String">4ff3b7f3-4607-4c42-928c-13cb2dc9608a</Data></Cell><Cell ss:StyleID="s22"><Data ss:Type="String">DisplayName</Data></Cell><Cell ss:StyleID="s24"><Data ss:Type="String">Modified By</Data></Cell></Row><Row ss:AutoFitHeight="0"><Cell ss:StyleID="s22"><Data ss:Type="String">msfsi_application</Data></Cell><Cell ss:StyleID="s22"><Data ss:Type="String">5bbcac02-47e3-4201-9ab7-a7f81b5999ef</Data></Cell><Cell ss:StyleID="s22"><Data ss:Type="String">Description</Data></Cell><Cell ss:StyleID="s24"><Data ss:Type="String">A calculated field helping determine if a related party contract is the primary member of the application.</Data></Cell></Row><Row ss:AutoFitHeight="0"><Cell ss:StyleID="s22"><Data ss:Type="String">msfsi_application</Data></Cell><Cell ss:StyleID="s22"><Data ss:Type="String">5bbcac02-47e3-4201-9ab7-a7f81b5999ef</Data></Cell><Cell ss:StyleID="s22"><Data ss:Type="String">DisplayName</Data></Cell><Cell ss:StyleID="s24"><Data ss:Type="String">Primary member helper</Data></Cell></Row><Row ss:AutoFitHeight="0"><Cell ss:StyleID="s22"><Data ss:Type="String">msfsi_application</Data></Cell><Cell ss:StyleID="s22"><Data ss:Type="String">9cdb1f95-36ea-43f9-a7ad-ac22acb8bdec</Data></Cell><Cell ss:StyleID="s22"><Data ss:Type="String">Description</Data></Cell><Cell ss:StyleID="s24"><Data ss:Type="String">Unique identifier for the business unit that owns the record</Data></Cell></Row><Row ss:AutoFitHeight="0"><Cell ss:StyleID="s22"><Data ss:Type="String">msfsi_application</Data></Cell><Cell ss:StyleID="s22"><Data ss:Type="String">9cdb1f95-36ea-43f9-a7ad-ac22acb8bdec</Data></Cell><Cell ss:StyleID="s22"><Data ss:Type="String">DisplayName</Data></Cell><Cell ss:StyleID="s24"><Data ss:Type="String">Owning Business Unit</Data></Cell></Row><Row ss:AutoFitHeight="0"><Cell ss:StyleID="s22"><Data ss:Type="String">msfsi_application</Data></Cell><Cell ss:StyleID="s22"><Data ss:Type="String">d57d7782-083c-45d1-870d-fc71682c995b</Data></Cell><Cell ss:StyleID="s22"><Data ss:Type="String">Description</Data></Cell><Cell ss:StyleID="s24"><Data ss:Type="String">Reason for the status of the Application</Data></Cell></Row><Row ss:AutoFitHeight="0"><Cell ss:StyleID="s22"><Data ss:Type="String">msfsi_application</Data></Cell><Cell ss:StyleID="s22"><Data ss:Type="String">d57d7782-083c-45d1-870d-fc71682c995b</Data></Cell><Cell ss:StyleID="s22"><Data ss:Type="String">DisplayName</Data></Cell><Cell ss:StyleID="s24"><Data ss:Type="String">Status Reason</Data></Cell></Row><Row ss:AutoFitHeight="0"><Cell ss:StyleID="s22"><Data ss:Type="String">msfsi_application</Data></Cell><Cell ss:StyleID="s22"><Data ss:Type="String">8b9c23e1-3989-ee11-8179-00224805cf56</Data></Cell><Cell ss:StyleID="s22"><Data ss:Type="String">DisplayName</Data></Cell><Cell ss:StyleID="s24"><Data ss:Type="String">狀態原因</Data></Cell></Row><Row ss:AutoFitHeight="0"><Cell ss:StyleID="s22"><Data ss:Type="String">msfsi_application</Data></Cell><Cell ss:StyleID="s22"><Data ss:Type="String">8b9c23e1-3989-ee11-8179-00224805cf56</Data></Cell><Cell ss:StyleID="s22"><Data ss:Type="String">Description</Data></Cell><Cell ss:StyleID="s24"><Data ss:Type="String">Application的狀態原因</Data></Cell></Row><Row ss:AutoFitHeight="0"><Cell ss:StyleID="s22"><Data ss:Type="String">msfsi_application</Data></Cell><Cell ss:StyleID="s22"><Data ss:Type="String">29288e82-0e72-4f94-bfab-d73d087d6da1</Data></Cell><Cell ss:StyleID="s22"><Data ss:Type="String">DisplayName</Data></Cell><Cell ss:StyleID="s24"><Data ss:Type="String">Approved</Data></Cell></Row><Row ss:AutoFitHeight="0"><Cell ss:StyleID="s22"><Data ss:Type="String">msfsi_application</Data></Cell><Cell ss:StyleID="s22"><Data ss:Type="String">5090c127-2492-4ad4-a984-5aace4476634</Data></Cell><Cell ss:StyleID="s22"><Data ss:Type="String">DisplayName</Data></Cell><Cell ss:StyleID="s24"><Data ss:Type="String">Rejected</Data></Cell></Row><Row ss:AutoFitHeight="0"><Cell ss:StyleID="s22"><Data ss:Type="String">msfsi_application</Data></Cell><Cell ss:StyleID="s22"><Data ss:Type="String">d20c4348-3dce-455c-acc3-6b8ed55a2a52</Data></Cell><Cell ss:StyleID="s22"><Data ss:Type="String">DisplayName</Data></Cell><Cell ss:StyleID="s24"><Data ss:Type="String">On hold</Data></Cell></Row><Row ss:AutoFitHeight="0"><Cell ss:StyleID="s22"><Data ss:Type="String">msfsi_application</Data></Cell><Cell ss:StyleID="s22"><Data ss:Type="String">e61b6b4b-982a-4926-aa1a-8859eb4fbb9a</Data></Cell><Cell ss:StyleID="s22"><Data ss:Type="String">DisplayName</Data></Cell><Cell ss:StyleID="s24"><Data ss:Type="String">In progress</Data></Cell></Row><Row ss:AutoFitHeight="0"><Cell ss:StyleID="s22"><Data ss:Type="String">msfsi_application</Data></Cell><Cell ss:StyleID="s22"><Data ss:Type="String">6c593d09-a888-4516-a9fe-0231fe7e8c61</Data></Cell><Cell ss:StyleID="s22"><Data ss:Type="String">DisplayName</Data></Cell><Cell ss:StyleID="s24"><Data ss:Type="String">Pending</Data></Cell></Row><Row ss:AutoFitHeight="0"><Cell ss:StyleID="s22"><Data ss:Type="String">msfsi_application</Data></Cell><Cell ss:StyleID="s22"><Data ss:Type="String">b391728c-6278-4b5b-a43b-97f0b6ac3195</Data></Cell><Cell ss:StyleID="s22"><Data ss:Type="String">DisplayName</Data></Cell><Cell ss:StyleID="s24"><Data ss:Type="String">Approved</Data></Cell></Row><Row ss:AutoFitHeight="0"><Cell ss:StyleID="s22"><Data ss:Type="String">msfsi_application</Data></Cell><Cell ss:StyleID="s22"><Data ss:Type="String">654136c3-0e7f-4c3f-a744-bd4239e7714e</Data></Cell><Cell ss:StyleID="s22"><Data ss:Type="String">DisplayName</Data></Cell><Cell ss:StyleID="s24"><Data ss:Type="String">Rejected</Data></Cell></Row><Row ss:AutoFitHeight="0"><Cell ss:StyleID="s22"><Data ss:Type="String">msfsi_application</Data></Cell><Cell ss:StyleID="s22"><Data ss:Type="String">6da4d135-bdb4-491b-bf05-ae609859f77f</Data></Cell><Cell ss:StyleID="s22"><Data ss:Type="String">description</Data></Cell><Cell ss:StyleID="s24"><Data ss:Type="String">A form for this entity.</Data></Cell></Row><Row ss:AutoFitHeight="0"><Cell ss:StyleID="s22"><Data ss:Type="String">msfsi_application</Data></Cell><Cell ss:StyleID="s22"><Data ss:Type="String">6da4d135-bdb4-491b-bf05-ae609859f77f</Data></Cell><Cell ss:StyleID="s22"><Data ss:Type="String">name</Data></Cell><Cell ss:StyleID="s24"><Data ss:Type="String">Information</Data></Cell></Row><Row ss:AutoFitHeight="0"><Cell ss:StyleID="s22"><Data ss:Type="String">msfsi_application</Data></Cell><Cell ss:StyleID="s22"><Data ss:Type="String">26e70759-53d1-ed11-a7c7-000d3a1b91b8</Data></Cell><Cell ss:StyleID="s22"><Data ss:Type="String">description</Data></Cell><Cell ss:StyleID="s24"><Data ss:Type="String">A form for this entity.</Data></Cell></Row><Row ss:AutoFitHeight="0"><Cell ss:StyleID="s22"><Data ss:Type="String">msfsi_application</Data></Cell><Cell ss:StyleID="s22"><Data ss:Type="String">26e70759-53d1-ed11-a7c7-000d3a1b91b8</Data></Cell><Cell ss:StyleID="s22"><Data ss:Type="String">name</Data></Cell><Cell ss:StyleID="s24"><Data ss:Type="String">Loan Application modify form</Data></Cell></Row><Row ss:AutoFitHeight="0"><Cell ss:StyleID="s22"><Data ss:Type="String">msfsi_application</Data></Cell><Cell ss:StyleID="s22"><Data ss:Type="String">83257ce0-c7bc-ed11-83ff-002248081af8</Data></Cell><Cell ss:StyleID="s22"><Data ss:Type="String">description</Data></Cell><Cell ss:StyleID="s24"><Data ss:Type="String">A form for this entity.</Data></Cell></Row><Row ss:AutoFitHeight="0"><Cell ss:StyleID="s22"><Data ss:Type="String">msfsi_application</Data></Cell><Cell ss:StyleID="s22"><Data ss:Type="String">83257ce0-c7bc-ed11-83ff-002248081af8</Data></Cell><Cell ss:StyleID="s22"><Data ss:Type="String">name</Data></Cell><Cell ss:StyleID="s24"><Data ss:Type="String">Loan application main form</Data></Cell></Row><Row ss:AutoFitHeight="0"><Cell ss:StyleID="s22"><Data ss:Type="String">msfsi_application</Data></Cell><Cell ss:StyleID="s22"><Data ss:Type="String">836278e7-565b-4ab8-946c-07d24d56dffd</Data></Cell><Cell ss:StyleID="s22"><Data ss:Type="String">name</Data></Cell><Cell ss:StyleID="s24"><Data ss:Type="String">Information</Data></Cell></Row><Row ss:AutoFitHeight="0"><Cell ss:StyleID="s22"><Data ss:Type="String">msfsi_application</Data></Cell><Cell ss:StyleID="s22"><Data ss:Type="String">0dead3f1-dbce-4fc1-957b-931bf1f96e4e</Data></Cell><Cell ss:StyleID="s22"><Data ss:Type="String">description</Data></Cell><Cell ss:StyleID="s24"><Data ss:Type="String">A card form for this entity.</Data></Cell></Row><Row ss:AutoFitHeight="0"><Cell ss:StyleID="s22"><Data ss:Type="String">msfsi_application</Data></Cell><Cell ss:StyleID="s22"><Data ss:Type="String">0dead3f1-dbce-4fc1-957b-931bf1f96e4e</Data></Cell><Cell ss:StyleID="s22"><Data ss:Type="String">name</Data></Cell><Cell ss:StyleID="s24"><Data ss:Type="String">Information</Data></Cell></Row><Row ss:AutoFitHeight="0"><Cell ss:StyleID="s22"><Data ss:Type="String">msfsi_application</Data></Cell><Cell ss:StyleID="s22"><Data ss:Type="String">54fe3a20-05dc-ed11-a7c7-002248284536</Data></Cell><Cell ss:StyleID="s22"><Data ss:Type="String">name</Data></Cell><Cell ss:StyleID="s24"><Data ss:Type="String">Archived Loan Applications</Data></Cell></Row><Row ss:AutoFitHeight="0"><Cell ss:StyleID="s22"><Data ss:Type="String">msfsi_application</Data></Cell><Cell ss:StyleID="s22"><Data ss:Type="String">f5f7bfcc-3a70-4cd2-8b00-a47cafb9c7c0</Data></Cell><Cell ss:StyleID="s22"><Data ss:Type="String">name</Data></Cell><Cell ss:StyleID="s24"><Data ss:Type="String">Inactive Applications</Data></Cell></Row><Row ss:AutoFitHeight="0"><Cell ss:StyleID="s22"><Data ss:Type="String">msfsi_application</Data></Cell><Cell ss:StyleID="s22"><Data ss:Type="String">3b7a99be-ab61-41d6-b9fb-a6b827f5a933</Data></Cell><Cell ss:StyleID="s22"><Data ss:Type="String">name</Data></Cell><Cell ss:StyleID="s24"><Data ss:Type="String">Active Applications</Data></Cell></Row><Row ss:AutoFitHeight="0"><Cell ss:StyleID="s22"><Data ss:Type="String">msfsi_application</Data></Cell><Cell ss:StyleID="s22"><Data ss:Type="String">bc6b6bed-b7a8-497a-8ac1-6e70b7ffc19d</Data></Cell><Cell ss:StyleID="s22"><Data ss:Type="String">name</Data></Cell><Cell ss:StyleID="s24"><Data ss:Type="String">Application Advanced Find View</Data></Cell></Row><Row ss:AutoFitHeight="0"><Cell ss:StyleID="s22"><Data ss:Type="String">msfsi_application</Data></Cell><Cell ss:StyleID="s22"><Data ss:Type="String">dca2760c-e918-4113-9ccf-bed7b2739fd5</Data></Cell><Cell ss:StyleID="s22"><Data ss:Type="String">name</Data></Cell><Cell ss:StyleID="s24"><Data ss:Type="String">Application Associated View</Data></Cell></Row><Row ss:AutoFitHeight="0"><Cell ss:StyleID="s22"><Data ss:Type="String">msfsi_application</Data></Cell><Cell ss:StyleID="s22"><Data ss:Type="String">0a7d6e4d-43ef-4f99-8545-c2e4dc7645a5</Data></Cell><Cell ss:StyleID="s22"><Data ss:Type="String">name</Data></Cell><Cell ss:StyleID="s24"><Data ss:Type="String">Quick Find Active Applications</Data></Cell></Row><Row ss:AutoFitHeight="0"><Cell ss:StyleID="s22"><Data ss:Type="String">msfsi_application</Data></Cell><Cell ss:StyleID="s22"><Data ss:Type="String">c4e8c96f-6ff9-4ea5-a6e4-5cf669bf506a</Data></Cell><Cell ss:StyleID="s22"><Data ss:Type="String">name</Data></Cell><Cell ss:StyleID="s24"><Data ss:Type="String">Application Lookup View</Data></Cell></Row><Row ss:AutoFitHeight="0"><Cell ss:StyleID="s22"><Data ss:Type="String">msfsi_application</Data></Cell><Cell ss:StyleID="s22"><Data ss:Type="String">9993be80-7dea-ec11-bb3e-000d3a5b49fa</Data></Cell><Cell ss:StyleID="s22"><Data ss:Type="String">name</Data></Cell><Cell ss:StyleID="s24"><Data ss:Type="String">My Applications</Data></Cell></Row><Row ss:AutoFitHeight="0"><Cell ss:StyleID="s22"><Data ss:Type="String">msfsi_application</Data></Cell><Cell ss:StyleID="s22"><Data ss:Type="String">9993be80-7dea-ec11-bb3e-000d3a5b49fa</Data></Cell><Cell ss:StyleID="s22"><Data ss:Type="String">description</Data></Cell><Cell ss:StyleID="s24"><Data ss:Type="String">Active Applications owned by me</Data></Cell></Row><Row ss:AutoFitHeight="0"><Cell ss:StyleID="s22"><Data ss:Type="String">Workflow Categories</Data></Cell><Cell ss:StyleID="s22"><Data ss:Type="String">fdca70b7-b4e8-ed11-a7c6-6045bd006aa7</Data></Cell><Cell ss:StyleID="s22"><Data ss:Type="String">name</Data></Cell><Cell ss:StyleID="s24"><Data ss:Type="String">Lock primary applicant</Data></Cell></Row><Row ss:AutoFitHeight="0"><Cell ss:StyleID="s22"><Data ss:Type="String">Workflow Categories</Data></Cell><Cell ss:StyleID="s22"><Data ss:Type="String">fdca70b7-b4e8-ed11-a7c6-6045bd006aa7</Data></Cell><Cell ss:StyleID="s22"><Data ss:Type="String">description</Data></Cell><Cell ss:StyleID="s24"><Data ss:Type="String">Click to add description</Data></Cell></Row><Row ss:AutoFitHeight="0"><Cell ss:StyleID="s22"><Data ss:Type="String">Workflow Categories</Data></Cell><Cell ss:StyleID="s22"><Data ss:Type="String">4100f8f5-87dc-ed11-a7c7-000d3a57a958</Data></Cell><Cell ss:StyleID="s22"><Data ss:Type="String">name</Data></Cell><Cell ss:StyleID="s24"><Data ss:Type="String">ArchiveLoanApplications</Data></Cell></Row><Row ss:AutoFitHeight="0"><Cell ss:StyleID="s22"><Data ss:Type="String">Workflow Categories</Data></Cell><Cell ss:StyleID="s22"><Data ss:Type="String">a2a38135-ebda-ed11-a7c7-0022482804c6</Data></Cell><Cell ss:StyleID="s22"><Data ss:Type="String">name</Data></Cell><Cell ss:StyleID="s24"><Data ss:Type="String">Archive Loan Application</Data></Cell></Row><Row ss:AutoFitHeight="0"><Cell ss:StyleID="s22"><Data ss:Type="String">msfsi_archivereason</Data></Cell><Cell ss:StyleID="s22"><Data ss:Type="String">3690cc94-09db-ed11-a7c7-002248280456</Data></Cell><Cell ss:StyleID="s22"><Data ss:Type="String">msfsi_name</Data></Cell><Cell ss:StyleID="s24"><Data ss:Type="String">Irrelevant information</Data></Cell></Row><Row ss:AutoFitHeight="0"><Cell ss:StyleID="s22"><Data ss:Type="String">msfsi_archivereason</Data></Cell><Cell ss:StyleID="s22"><Data ss:Type="String">a590cc94-09db-ed11-a7c7-002248280456</Data></Cell><Cell ss:StyleID="s22"><Data ss:Type="String">msfsi_name</Data></Cell><Cell ss:StyleID="s24"><Data ss:Type="String">Applicant has better financing options elsewhere</Data></Cell></Row><Row ss:AutoFitHeight="0"><Cell ss:StyleID="s22"><Data ss:Type="String">msfsi_archivereason</Data></Cell><Cell ss:StyleID="s22"><Data ss:Type="String">c390cc94-09db-ed11-a7c7-002248280456</Data></Cell><Cell ss:StyleID="s22"><Data ss:Type="String">msfsi_name</Data></Cell><Cell ss:StyleID="s24"><Data ss:Type="String">Applicant does not satisfy the loan terms</Data></Cell></Row><Row ss:AutoFitHeight="0"><Cell ss:StyleID="s22"><Data ss:Type="String">msfsi_archivereason</Data></Cell><Cell ss:StyleID="s22"><Data ss:Type="String">c53dc79a-09db-ed11-a7c7-002248280456</Data></Cell><Cell ss:StyleID="s22"><Data ss:Type="String">msfsi_name</Data></Cell><Cell ss:StyleID="s24"><Data ss:Type="String">Cannot reach the primary applicant</Data></Cell></Row><Row ss:AutoFitHeight="0"><Cell ss:StyleID="s22"><Data ss:Type="String">msfsi_archivereason</Data></Cell><Cell ss:StyleID="s22"><Data ss:Type="String">78fe005d-0adb-ed11-a7c7-002248280456</Data></Cell><Cell ss:StyleID="s22"><Data ss:Type="String">msfsi_name</Data></Cell><Cell ss:StyleID="s24"><Data ss:Type="String">Bank refuses or rejects this application</Data></Cell></Row><Row ss:AutoFitHeight="0"><Cell ss:StyleID="s22"><Data ss:Type="String">msfsi_archivereason</Data></Cell><Cell ss:StyleID="s22"><Data ss:Type="String">7ffe005d-0adb-ed11-a7c7-002248280456</Data></Cell><Cell ss:StyleID="s22"><Data ss:Type="String">msfsi_name</Data></Cell><Cell ss:StyleID="s24"><Data ss:Type="String">Other</Data></Cell></Row></Table><WorksheetOptions xmlns="urn:schemas-microsoft-com:office:excel"><Unsynced /><ProtectObjects>False</ProtectObjects><ProtectScenarios>False</ProtectScenarios><AllowFormatCells /><AllowSizeCols /><AllowSizeRows /><AllowInsertCols /><AllowInsertRows /><AllowDeleteCols /><AllowDeleteRows /><AllowSort /><AllowFilter /><AllowUsePivotTables /></WorksheetOptions></Worksheet></Workbook>