<?xml version="1.0"?><?mso-application progid="Excel.Sheet"?><Workbook xmlns="urn:schemas-microsoft-com:office:spreadsheet" xmlns:o="urn:schemas-microsoft-com:office:office" xmlns:x="urn:schemas-microsoft-com:office:excel" xmlns:ss="urn:schemas-microsoft-com:office:spreadsheet" xmlns:html="http://www.w3.org/TR/REC-html40"><DocumentProperties xmlns="urn:schemas-microsoft-com:office:office"></DocumentProperties><ExcelWorkbook xmlns="urn:schemas-microsoft-com:office:excel"><ActiveSheet>0</ActiveSheet><ProtectStructure>False</ProtectStructure><ProtectWindows>False</ProtectWindows></ExcelWorkbook><Styles><Style ss:ID="Default" ss:Name="Normal"><Alignment ss:Vertical="Bottom" /><Borders /><Font ss:FontName="Calibri" x:Family="Swiss" ss:Size="11" ss:Color="#000000" /><Interior /><NumberFormat /><Protection /></Style><Style ss:ID="s21"><Alignment ss:Horizontal="Left" ss:Vertical="Bottom" /><Font ss:FontName="Calibri" x:Family="Swiss" ss:Size="11" ss:Color="#000000" ss:Bold="1" /><Interior ss:Color="#CCCCFF" ss:Pattern="Solid" /><Protection /></Style><Style ss:ID="s22"><Alignment ss:Horizontal="Left" ss:Vertical="Bottom" /><Font ss:FontName="Calibri" x:Family="Swiss" ss:Size="11" ss:Color="#000000" /><Interior ss:Color="#CCCCFF" ss:Pattern="Solid" /></Style><Style ss:ID="s23"><Alignment ss:Horizontal="Left" ss:Vertical="Bottom" /><Interior ss:Color="#CCCCFF" ss:Pattern="Solid" /><NumberFormat ss:Format="[$-409]m/d/yy\ h:mm\ AM/PM;@" /></Style><Style ss:ID="s24"><Alignment ss:Vertical="Bottom" /><Borders /><Font ss:FontName="Calibri" x:Family="Swiss" ss:Size="11" ss:Color="#000000" /><Interior /><NumberFormat /><Protection ss:Protected="0" /></Style></Styles><Worksheet ss:Name="Informações" ss:Id="Information" ss:Protected="1"><Table><Column ss:AutoFitWidth="0" ss:Width="160.5" /><Column ss:AutoFitWidth="0" ss:Width="231" /><Row ss:AutoFitHeight="0"><Cell ss:StyleID="s21"><Data ss:Type="String">ID da Organização:</Data></Cell><Cell ss:StyleID="s22"><Data ss:Type="String"></Data></Cell></Row><Row ss:AutoFitHeight="0"><Cell ss:StyleID="s21"><Data ss:Type="String">Exportada em:</Data></Cell><Cell ss:StyleID="s23"><Data ss:Type="DateTime">2023-11-22T20:20:29</Data></Cell></Row><Row ss:AutoFitHeight="0"><Cell ss:StyleID="s21"><Data ss:Type="String">Nome do idioma base:</Data></Cell><Cell ss:StyleID="s22"><Data ss:Type="String">português (Portugal)</Data></Cell></Row><Row ss:AutoFitHeight="0"><Cell ss:StyleID="s21"><Data ss:Type="String">ID do idioma base:</Data></Cell><Cell ss:StyleID="s22"><Data ss:Type="Number">2070</Data></Cell></Row><Row ss:AutoFitHeight="0"><Cell ss:StyleID="s21"><Data ss:Type="String">Nome da Solução:</Data></Cell><Cell ss:StyleID="s22"><Data ss:Type="String">LoanOnboardingStarterRibbon</Data></Cell></Row></Table><WorksheetOptions xmlns="urn:schemas-microsoft-com:office:excel"><ProtectObjects>False</ProtectObjects><ProtectScenarios>False</ProtectScenarios><AllowFormatCells /><AllowSizeCols /><AllowSizeRows /><AllowInsertCols /><AllowInsertRows /><AllowDeleteCols /><AllowDeleteRows /><AllowSort /><AllowFilter /><AllowUsePivotTables /></WorksheetOptions></Worksheet><Worksheet ss:Name="Cadeias de Apresentação" ss:Id="Display Strings" ss:Protected="1"><Table><Column ss:AutoFitWidth="0" ss:Width="105.75" /><Column ss:AutoFitWidth="0" ss:Width="258" /><Column ss:AutoFitWidth="0" ss:Width="90.75" ss:Span="2" /><Row ss:AutoFitHeight="0"><Cell ss:StyleID="s21"><Data ss:Type="String">Nome da entidade</Data></Cell><Cell ss:StyleID="s21"><Data ss:Type="String">Chave de Cadeia de Apresentação</Data></Cell><Cell ss:StyleID="s21"><Data ss:Type="Number">2070</Data></Cell></Row></Table><WorksheetOptions xmlns="urn:schemas-microsoft-com:office:excel"><Selected /><ProtectObjects>False</ProtectObjects><ProtectScenarios>False</ProtectScenarios><AllowFormatCells /><AllowSizeCols /><AllowSizeRows /><AllowInsertCols /><AllowInsertRows /><AllowDeleteCols /><AllowDeleteRows /><AllowSort /><AllowFilter /><AllowUsePivotTables /></WorksheetOptions></Worksheet><Worksheet ss:Name="Etiquetas Localizadas" ss:Id="Localized Labels" ss:Protected="1"><Table><Column ss:AutoFitWidth="0" ss:Width="105.75" /><Column ss:Width="224.25" /><Column ss:AutoFitWidth="0" ss:Width="105.75" /><Column ss:AutoFitWidth="0" ss:Width="114.75" ss:Span="2" /><Row ss:AutoFitHeight="0"><Cell ss:StyleID="s21"><Data ss:Type="String">Nome da entidade</Data></Cell><Cell ss:StyleID="s21"><Data ss:Type="String">ID de Objeto</Data></Cell><Cell ss:StyleID="s21"><Data ss:Type="String">Nome da Coluna do Objeto</Data></Cell><Cell ss:StyleID="s21"><Data ss:Type="Number">2070</Data></Cell></Row><Row ss:AutoFitHeight="0"><Cell ss:StyleID="s22"><Data ss:Type="String">Solution</Data></Cell><Cell ss:StyleID="s22"><Data ss:Type="String">c11f45a8-f4c0-4a42-b7bf-1f6b1b11aa9f</Data></Cell><Cell ss:StyleID="s22"><Data ss:Type="String">friendlyname</Data></Cell><Cell ss:StyleID="s24"><Data ss:Type="String">Loan Onboarding Ribbon (Preview)</Data></Cell></Row><Row ss:AutoFitHeight="0"><Cell ss:StyleID="s22"><Data ss:Type="String">Publisher</Data></Cell><Cell ss:StyleID="s22"><Data ss:Type="String">a811b6f8-b26d-471c-9d78-f1db98d31807</Data></Cell><Cell ss:StyleID="s22"><Data ss:Type="String">friendlyname</Data></Cell><Cell ss:StyleID="s24"><Data ss:Type="String">Microsoft_FSI</Data></Cell></Row><Row ss:AutoFitHeight="0"><Cell ss:StyleID="s22"><Data ss:Type="String">Publisher</Data></Cell><Cell ss:StyleID="s22"><Data ss:Type="String">a811b6f8-b26d-471c-9d78-f1db98d31807</Data></Cell><Cell ss:StyleID="s22"><Data ss:Type="String">description</Data></Cell><Cell ss:StyleID="s24"><Data ss:Type="String">Microsoft_FSI</Data></Cell></Row><Row ss:AutoFitHeight="0"><Cell ss:StyleID="s22"><Data ss:Type="String">msfsi_application</Data></Cell><Cell ss:StyleID="s22"><Data ss:Type="String">c589aaf5-5f4c-424c-8e68-41020788c322</Data></Cell><Cell ss:StyleID="s22"><Data ss:Type="String">LocalizedCollectionName</Data></Cell><Cell ss:StyleID="s24"><Data ss:Type="String">Applications</Data></Cell></Row><Row ss:AutoFitHeight="0"><Cell ss:StyleID="s22"><Data ss:Type="String">msfsi_application</Data></Cell><Cell ss:StyleID="s22"><Data ss:Type="String">c589aaf5-5f4c-424c-8e68-41020788c322</Data></Cell><Cell ss:StyleID="s22"><Data ss:Type="String">LocalizedName</Data></Cell><Cell ss:StyleID="s24"><Data ss:Type="String">Application</Data></Cell></Row><Row ss:AutoFitHeight="0"><Cell ss:StyleID="s22"><Data ss:Type="String">msfsi_application</Data></Cell><Cell ss:StyleID="s22"><Data ss:Type="String">8d963fa8-bad7-4364-bfe0-7e2056d64e5f</Data></Cell><Cell ss:StyleID="s22"><Data ss:Type="String">Description</Data></Cell><Cell ss:StyleID="s24"><Data ss:Type="String">Número da Versão</Data></Cell></Row><Row ss:AutoFitHeight="0"><Cell ss:StyleID="s22"><Data ss:Type="String">msfsi_application</Data></Cell><Cell ss:StyleID="s22"><Data ss:Type="String">8d963fa8-bad7-4364-bfe0-7e2056d64e5f</Data></Cell><Cell ss:StyleID="s22"><Data ss:Type="String">DisplayName</Data></Cell><Cell ss:StyleID="s24"><Data ss:Type="String">Número da Versão</Data></Cell></Row><Row ss:AutoFitHeight="0"><Cell ss:StyleID="s22"><Data ss:Type="String">msfsi_application</Data></Cell><Cell ss:StyleID="s22"><Data ss:Type="String">6610bae1-81bd-4bc3-acaf-34bf8b8b5383</Data></Cell><Cell ss:StyleID="s22"><Data ss:Type="String">Description</Data></Cell><Cell ss:StyleID="s24"><Data ss:Type="String">Date and time when the record was created.</Data></Cell></Row><Row ss:AutoFitHeight="0"><Cell ss:StyleID="s22"><Data ss:Type="String">msfsi_application</Data></Cell><Cell ss:StyleID="s22"><Data ss:Type="String">6610bae1-81bd-4bc3-acaf-34bf8b8b5383</Data></Cell><Cell ss:StyleID="s22"><Data ss:Type="String">DisplayName</Data></Cell><Cell ss:StyleID="s24"><Data ss:Type="String">Created On</Data></Cell></Row><Row ss:AutoFitHeight="0"><Cell ss:StyleID="s22"><Data ss:Type="String">msfsi_application</Data></Cell><Cell ss:StyleID="s22"><Data ss:Type="String">c706c8d0-e6eb-45dd-b506-123292356836</Data></Cell><Cell ss:StyleID="s22"><Data ss:Type="String">Description</Data></Cell><Cell ss:StyleID="s24"><Data ss:Type="String">Placeholder for selected tasks group</Data></Cell></Row><Row ss:AutoFitHeight="0"><Cell ss:StyleID="s22"><Data ss:Type="String">msfsi_application</Data></Cell><Cell ss:StyleID="s22"><Data ss:Type="String">c706c8d0-e6eb-45dd-b506-123292356836</Data></Cell><Cell ss:StyleID="s22"><Data ss:Type="String">DisplayName</Data></Cell><Cell ss:StyleID="s24"><Data ss:Type="String">Selected tasks group placeholder</Data></Cell></Row><Row ss:AutoFitHeight="0"><Cell ss:StyleID="s22"><Data ss:Type="String">msfsi_application</Data></Cell><Cell ss:StyleID="s22"><Data ss:Type="String">810f4109-60de-4b8c-b9f2-52189fbdd2f7</Data></Cell><Cell ss:StyleID="s22"><Data ss:Type="String">Description</Data></Cell><Cell ss:StyleID="s24"><Data ss:Type="String">The business scenario of the application.</Data></Cell></Row><Row ss:AutoFitHeight="0"><Cell ss:StyleID="s22"><Data ss:Type="String">msfsi_application</Data></Cell><Cell ss:StyleID="s22"><Data ss:Type="String">810f4109-60de-4b8c-b9f2-52189fbdd2f7</Data></Cell><Cell ss:StyleID="s22"><Data ss:Type="String">DisplayName</Data></Cell><Cell ss:StyleID="s24"><Data ss:Type="String">Business scenario</Data></Cell></Row><Row ss:AutoFitHeight="0"><Cell ss:StyleID="s22"><Data ss:Type="String">msfsi_application</Data></Cell><Cell ss:StyleID="s22"><Data ss:Type="String">6189aa07-99da-40cd-8566-13ddaa7723fe</Data></Cell><Cell ss:StyleID="s22"><Data ss:Type="String">Description</Data></Cell><Cell ss:StyleID="s24"><Data ss:Type="String">Placeholder for onboarding application app</Data></Cell></Row><Row ss:AutoFitHeight="0"><Cell ss:StyleID="s22"><Data ss:Type="String">msfsi_application</Data></Cell><Cell ss:StyleID="s22"><Data ss:Type="String">6189aa07-99da-40cd-8566-13ddaa7723fe</Data></Cell><Cell ss:StyleID="s22"><Data ss:Type="String">DisplayName</Data></Cell><Cell ss:StyleID="s24"><Data ss:Type="String">Applicant list placeholder</Data></Cell></Row><Row ss:AutoFitHeight="0"><Cell ss:StyleID="s22"><Data ss:Type="String">msfsi_application</Data></Cell><Cell ss:StyleID="s22"><Data ss:Type="String">60f36692-499e-41b4-990e-5018b95d2299</Data></Cell><Cell ss:StyleID="s22"><Data ss:Type="String">DisplayName</Data></Cell><Cell ss:StyleID="s24"><Data ss:Type="String">Term (months)</Data></Cell></Row><Row ss:AutoFitHeight="0"><Cell ss:StyleID="s22"><Data ss:Type="String">msfsi_application</Data></Cell><Cell ss:StyleID="s22"><Data ss:Type="String">c4fda012-1936-472a-8854-085578236979</Data></Cell><Cell ss:StyleID="s22"><Data ss:Type="String">Description</Data></Cell><Cell ss:StyleID="s24"><Data ss:Type="String">Tipo de ID do Proprietário</Data></Cell></Row><Row ss:AutoFitHeight="0"><Cell ss:StyleID="s22"><Data ss:Type="String">msfsi_application</Data></Cell><Cell ss:StyleID="s22"><Data ss:Type="String">8f585559-59c7-491e-a826-e18357d7f881</Data></Cell><Cell ss:StyleID="s22"><Data ss:Type="String">Description</Data></Cell><Cell ss:StyleID="s24"><Data ss:Type="String">Unique identifier of the delegate user who created the record.</Data></Cell></Row><Row ss:AutoFitHeight="0"><Cell ss:StyleID="s22"><Data ss:Type="String">msfsi_application</Data></Cell><Cell ss:StyleID="s22"><Data ss:Type="String">8f585559-59c7-491e-a826-e18357d7f881</Data></Cell><Cell ss:StyleID="s22"><Data ss:Type="String">DisplayName</Data></Cell><Cell ss:StyleID="s24"><Data ss:Type="String">Created By (Delegate)</Data></Cell></Row><Row ss:AutoFitHeight="0"><Cell ss:StyleID="s22"><Data ss:Type="String">msfsi_application</Data></Cell><Cell ss:StyleID="s22"><Data ss:Type="String">0fbcd4ba-6e14-4866-82e0-b620543ab05d</Data></Cell><Cell ss:StyleID="s22"><Data ss:Type="String">Description</Data></Cell><Cell ss:StyleID="s24"><Data ss:Type="String">Nome do proprietário</Data></Cell></Row><Row ss:AutoFitHeight="0"><Cell ss:StyleID="s22"><Data ss:Type="String">msfsi_application</Data></Cell><Cell ss:StyleID="s22"><Data ss:Type="String">d8186d44-c1e1-4b7a-9991-44a6a9c65ce1</Data></Cell><Cell ss:StyleID="s22"><Data ss:Type="String">Description</Data></Cell><Cell ss:StyleID="s24"><Data ss:Type="String">Date and time that the record was migrated.</Data></Cell></Row><Row ss:AutoFitHeight="0"><Cell ss:StyleID="s22"><Data ss:Type="String">msfsi_application</Data></Cell><Cell ss:StyleID="s22"><Data ss:Type="String">d8186d44-c1e1-4b7a-9991-44a6a9c65ce1</Data></Cell><Cell ss:StyleID="s22"><Data ss:Type="String">DisplayName</Data></Cell><Cell ss:StyleID="s24"><Data ss:Type="String">Record Created On</Data></Cell></Row><Row ss:AutoFitHeight="0"><Cell ss:StyleID="s22"><Data ss:Type="String">msfsi_application</Data></Cell><Cell ss:StyleID="s22"><Data ss:Type="String">aa3c211a-5542-4e1b-a292-cb7b230b6b65</Data></Cell><Cell ss:StyleID="s22"><Data ss:Type="String">Description</Data></Cell><Cell ss:StyleID="s24"><Data ss:Type="String">The type of the requested loan.</Data></Cell></Row><Row ss:AutoFitHeight="0"><Cell ss:StyleID="s22"><Data ss:Type="String">msfsi_application</Data></Cell><Cell ss:StyleID="s22"><Data ss:Type="String">aa3c211a-5542-4e1b-a292-cb7b230b6b65</Data></Cell><Cell ss:StyleID="s22"><Data ss:Type="String">DisplayName</Data></Cell><Cell ss:StyleID="s24"><Data ss:Type="String">Type</Data></Cell></Row><Row ss:AutoFitHeight="0"><Cell ss:StyleID="s22"><Data ss:Type="String">msfsi_application</Data></Cell><Cell ss:StyleID="s22"><Data ss:Type="String">d3c56505-ad55-49b3-ab54-571b3dd8cd2c</Data></Cell><Cell ss:StyleID="s22"><Data ss:Type="String">Description</Data></Cell><Cell ss:StyleID="s24"><Data ss:Type="String">Unique identifier of the delegate user who modified the record.</Data></Cell></Row><Row ss:AutoFitHeight="0"><Cell ss:StyleID="s22"><Data ss:Type="String">msfsi_application</Data></Cell><Cell ss:StyleID="s22"><Data ss:Type="String">d3c56505-ad55-49b3-ab54-571b3dd8cd2c</Data></Cell><Cell ss:StyleID="s22"><Data ss:Type="String">DisplayName</Data></Cell><Cell ss:StyleID="s24"><Data ss:Type="String">Modified By (Delegate)</Data></Cell></Row><Row ss:AutoFitHeight="0"><Cell ss:StyleID="s22"><Data ss:Type="String">msfsi_application</Data></Cell><Cell ss:StyleID="s22"><Data ss:Type="String">5e773c26-11d8-4029-af08-3ed2d4ba296b</Data></Cell><Cell ss:StyleID="s22"><Data ss:Type="String">Description</Data></Cell><Cell ss:StyleID="s24"><Data ss:Type="String">Câmbio da moeda associada à entidade relativamente à moeda base.</Data></Cell></Row><Row ss:AutoFitHeight="0"><Cell ss:StyleID="s22"><Data ss:Type="String">msfsi_application</Data></Cell><Cell ss:StyleID="s22"><Data ss:Type="String">5e773c26-11d8-4029-af08-3ed2d4ba296b</Data></Cell><Cell ss:StyleID="s22"><Data ss:Type="String">DisplayName</Data></Cell><Cell ss:StyleID="s24"><Data ss:Type="String">Câmbio</Data></Cell></Row><Row ss:AutoFitHeight="0"><Cell ss:StyleID="s22"><Data ss:Type="String">msfsi_application</Data></Cell><Cell ss:StyleID="s22"><Data ss:Type="String">b1017fa6-0814-4ba0-abf5-d71700c2b61f</Data></Cell><Cell ss:StyleID="s22"><Data ss:Type="String">Description</Data></Cell><Cell ss:StyleID="s24"><Data ss:Type="String">Value of the Principal amount in base currency.</Data></Cell></Row><Row ss:AutoFitHeight="0"><Cell ss:StyleID="s22"><Data ss:Type="String">msfsi_application</Data></Cell><Cell ss:StyleID="s22"><Data ss:Type="String">b1017fa6-0814-4ba0-abf5-d71700c2b61f</Data></Cell><Cell ss:StyleID="s22"><Data ss:Type="String">DisplayName</Data></Cell><Cell ss:StyleID="s24"><Data ss:Type="String">Principal amount (Base)</Data></Cell></Row><Row ss:AutoFitHeight="0"><Cell ss:StyleID="s22"><Data ss:Type="String">msfsi_application</Data></Cell><Cell ss:StyleID="s22"><Data ss:Type="String">80616eda-42d5-40e4-8503-5cc157eef7ef</Data></Cell><Cell ss:StyleID="s22"><Data ss:Type="String">Description</Data></Cell><Cell ss:StyleID="s24"><Data ss:Type="String">Unique identifier for the team that owns the record.</Data></Cell></Row><Row ss:AutoFitHeight="0"><Cell ss:StyleID="s22"><Data ss:Type="String">msfsi_application</Data></Cell><Cell ss:StyleID="s22"><Data ss:Type="String">80616eda-42d5-40e4-8503-5cc157eef7ef</Data></Cell><Cell ss:StyleID="s22"><Data ss:Type="String">DisplayName</Data></Cell><Cell ss:StyleID="s24"><Data ss:Type="String">Owning Team</Data></Cell></Row><Row ss:AutoFitHeight="0"><Cell ss:StyleID="s22"><Data ss:Type="String">msfsi_application</Data></Cell><Cell ss:StyleID="s22"><Data ss:Type="String">f13a9e2b-3edd-482a-9bf2-4ad8aa508587</Data></Cell><Cell ss:StyleID="s22"><Data ss:Type="String">Description</Data></Cell><Cell ss:StyleID="s24"><Data ss:Type="String">Unique identifier for entity instances</Data></Cell></Row><Row ss:AutoFitHeight="0"><Cell ss:StyleID="s22"><Data ss:Type="String">msfsi_application</Data></Cell><Cell ss:StyleID="s22"><Data ss:Type="String">f13a9e2b-3edd-482a-9bf2-4ad8aa508587</Data></Cell><Cell ss:StyleID="s22"><Data ss:Type="String">DisplayName</Data></Cell><Cell ss:StyleID="s24"><Data ss:Type="String">Application</Data></Cell></Row><Row ss:AutoFitHeight="0"><Cell ss:StyleID="s22"><Data ss:Type="String">msfsi_application</Data></Cell><Cell ss:StyleID="s22"><Data ss:Type="String">30ad35b4-d27f-4825-9c3f-fe8b67741a29</Data></Cell><Cell ss:StyleID="s22"><Data ss:Type="String">Description</Data></Cell><Cell ss:StyleID="s24"><Data ss:Type="String">Status of the Application</Data></Cell></Row><Row ss:AutoFitHeight="0"><Cell ss:StyleID="s22"><Data ss:Type="String">msfsi_application</Data></Cell><Cell ss:StyleID="s22"><Data ss:Type="String">30ad35b4-d27f-4825-9c3f-fe8b67741a29</Data></Cell><Cell ss:StyleID="s22"><Data ss:Type="String">DisplayName</Data></Cell><Cell ss:StyleID="s24"><Data ss:Type="String">Status</Data></Cell></Row><Row ss:AutoFitHeight="0"><Cell ss:StyleID="s22"><Data ss:Type="String">msfsi_application</Data></Cell><Cell ss:StyleID="s22"><Data ss:Type="String">38388758-5889-ee11-8179-00224825b793</Data></Cell><Cell ss:StyleID="s22"><Data ss:Type="String">DisplayName</Data></Cell><Cell ss:StyleID="s24"><Data ss:Type="String">Estado</Data></Cell></Row><Row ss:AutoFitHeight="0"><Cell ss:StyleID="s22"><Data ss:Type="String">msfsi_application</Data></Cell><Cell ss:StyleID="s22"><Data ss:Type="String">38388758-5889-ee11-8179-00224825b793</Data></Cell><Cell ss:StyleID="s22"><Data ss:Type="String">Description</Data></Cell><Cell ss:StyleID="s24"><Data ss:Type="String">Estado da Entidade Application</Data></Cell></Row><Row ss:AutoFitHeight="0"><Cell ss:StyleID="s22"><Data ss:Type="String">msfsi_application</Data></Cell><Cell ss:StyleID="s22"><Data ss:Type="String">d60960ad-a882-4757-9069-b5334c99f2d5</Data></Cell><Cell ss:StyleID="s22"><Data ss:Type="String">DisplayName</Data></Cell><Cell ss:StyleID="s24"><Data ss:Type="String">Active</Data></Cell></Row><Row ss:AutoFitHeight="0"><Cell ss:StyleID="s22"><Data ss:Type="String">msfsi_application</Data></Cell><Cell ss:StyleID="s22"><Data ss:Type="String">f7e31f81-da7d-49e9-ac11-16c9e403d039</Data></Cell><Cell ss:StyleID="s22"><Data ss:Type="String">DisplayName</Data></Cell><Cell ss:StyleID="s24"><Data ss:Type="String">Inactive</Data></Cell></Row><Row ss:AutoFitHeight="0"><Cell ss:StyleID="s22"><Data ss:Type="String">msfsi_application</Data></Cell><Cell ss:StyleID="s22"><Data ss:Type="String">339688a2-27f0-4447-819d-82a076e2bc77</Data></Cell><Cell ss:StyleID="s22"><Data ss:Type="String">Description</Data></Cell><Cell ss:StyleID="s24"><Data ss:Type="String">Optional additional comment about the archived application.</Data></Cell></Row><Row ss:AutoFitHeight="0"><Cell ss:StyleID="s22"><Data ss:Type="String">msfsi_application</Data></Cell><Cell ss:StyleID="s22"><Data ss:Type="String">339688a2-27f0-4447-819d-82a076e2bc77</Data></Cell><Cell ss:StyleID="s22"><Data ss:Type="String">DisplayName</Data></Cell><Cell ss:StyleID="s24"><Data ss:Type="String">Archive comment</Data></Cell></Row><Row ss:AutoFitHeight="0"><Cell ss:StyleID="s22"><Data ss:Type="String">msfsi_application</Data></Cell><Cell ss:StyleID="s22"><Data ss:Type="String">f8743937-612c-496a-97fa-561f737761e2</Data></Cell><Cell ss:StyleID="s22"><Data ss:Type="String">Description</Data></Cell><Cell ss:StyleID="s24"><Data ss:Type="String">The extended data table of the application.</Data></Cell></Row><Row ss:AutoFitHeight="0"><Cell ss:StyleID="s22"><Data ss:Type="String">msfsi_application</Data></Cell><Cell ss:StyleID="s22"><Data ss:Type="String">f8743937-612c-496a-97fa-561f737761e2</Data></Cell><Cell ss:StyleID="s22"><Data ss:Type="String">DisplayName</Data></Cell><Cell ss:StyleID="s24"><Data ss:Type="String">Details</Data></Cell></Row><Row ss:AutoFitHeight="0"><Cell ss:StyleID="s22"><Data ss:Type="String">msfsi_application</Data></Cell><Cell ss:StyleID="s22"><Data ss:Type="String">55c05634-41d1-4f63-a125-d521d2aedb0b</Data></Cell><Cell ss:StyleID="s22"><Data ss:Type="String">Description</Data></Cell><Cell ss:StyleID="s24"><Data ss:Type="String">Amount of money borrowed for the loan.</Data></Cell></Row><Row ss:AutoFitHeight="0"><Cell ss:StyleID="s22"><Data ss:Type="String">msfsi_application</Data></Cell><Cell ss:StyleID="s22"><Data ss:Type="String">55c05634-41d1-4f63-a125-d521d2aedb0b</Data></Cell><Cell ss:StyleID="s22"><Data ss:Type="String">DisplayName</Data></Cell><Cell ss:StyleID="s24"><Data ss:Type="String">Principal amount</Data></Cell></Row><Row ss:AutoFitHeight="0"><Cell ss:StyleID="s22"><Data ss:Type="String">msfsi_application</Data></Cell><Cell ss:StyleID="s22"><Data ss:Type="String">cf592c97-fc92-4d22-af9e-c872316f7382</Data></Cell><Cell ss:StyleID="s22"><Data ss:Type="String">DisplayName</Data></Cell><Cell ss:StyleID="s24"><Data ss:Type="String">Text placeholder</Data></Cell></Row><Row ss:AutoFitHeight="0"><Cell ss:StyleID="s22"><Data ss:Type="String">msfsi_application</Data></Cell><Cell ss:StyleID="s22"><Data ss:Type="String">260e8909-6345-4871-89b7-6bc7a53a331f</Data></Cell><Cell ss:StyleID="s22"><Data ss:Type="String">Description</Data></Cell><Cell ss:StyleID="s24"><Data ss:Type="String">Unique identifier for the user that owns the record.</Data></Cell></Row><Row ss:AutoFitHeight="0"><Cell ss:StyleID="s22"><Data ss:Type="String">msfsi_application</Data></Cell><Cell ss:StyleID="s22"><Data ss:Type="String">260e8909-6345-4871-89b7-6bc7a53a331f</Data></Cell><Cell ss:StyleID="s22"><Data ss:Type="String">DisplayName</Data></Cell><Cell ss:StyleID="s24"><Data ss:Type="String">Owning User</Data></Cell></Row><Row ss:AutoFitHeight="0"><Cell ss:StyleID="s22"><Data ss:Type="String">msfsi_application</Data></Cell><Cell ss:StyleID="s22"><Data ss:Type="String">8e2cc34e-14ca-4120-b1f8-452a05007090</Data></Cell><Cell ss:StyleID="s22"><Data ss:Type="String">Description</Data></Cell><Cell ss:StyleID="s24"><Data ss:Type="String">A comma separated list of string values representing the unique identifiers of stages in a Business Process Flow Instance in the order that they occur.</Data></Cell></Row><Row ss:AutoFitHeight="0"><Cell ss:StyleID="s22"><Data ss:Type="String">msfsi_application</Data></Cell><Cell ss:StyleID="s22"><Data ss:Type="String">8e2cc34e-14ca-4120-b1f8-452a05007090</Data></Cell><Cell ss:StyleID="s22"><Data ss:Type="String">DisplayName</Data></Cell><Cell ss:StyleID="s24"><Data ss:Type="String">(Deprecated) Traversed Path</Data></Cell></Row><Row ss:AutoFitHeight="0"><Cell ss:StyleID="s22"><Data ss:Type="String">msfsi_application</Data></Cell><Cell ss:StyleID="s22"><Data ss:Type="String">7aa2e091-1d10-4932-9072-04075c41495b</Data></Cell><Cell ss:StyleID="s22"><Data ss:Type="String">Description</Data></Cell><Cell ss:StyleID="s24"><Data ss:Type="String">The category of the product being applied for.</Data></Cell></Row><Row ss:AutoFitHeight="0"><Cell ss:StyleID="s22"><Data ss:Type="String">msfsi_application</Data></Cell><Cell ss:StyleID="s22"><Data ss:Type="String">7aa2e091-1d10-4932-9072-04075c41495b</Data></Cell><Cell ss:StyleID="s22"><Data ss:Type="String">DisplayName</Data></Cell><Cell ss:StyleID="s24"><Data ss:Type="String">Category</Data></Cell></Row><Row ss:AutoFitHeight="0"><Cell ss:StyleID="s22"><Data ss:Type="String">msfsi_application</Data></Cell><Cell ss:StyleID="s22"><Data ss:Type="String">f3535835-9741-421e-8e21-36345c331b59</Data></Cell><Cell ss:StyleID="s22"><Data ss:Type="String">Description</Data></Cell><Cell ss:StyleID="s24"><Data ss:Type="String">Time zone code that was in use when the record was created.</Data></Cell></Row><Row ss:AutoFitHeight="0"><Cell ss:StyleID="s22"><Data ss:Type="String">msfsi_application</Data></Cell><Cell ss:StyleID="s22"><Data ss:Type="String">f3535835-9741-421e-8e21-36345c331b59</Data></Cell><Cell ss:StyleID="s22"><Data ss:Type="String">DisplayName</Data></Cell><Cell ss:StyleID="s24"><Data ss:Type="String">UTC Conversion Time Zone Code</Data></Cell></Row><Row ss:AutoFitHeight="0"><Cell ss:StyleID="s22"><Data ss:Type="String">msfsi_application</Data></Cell><Cell ss:StyleID="s22"><Data ss:Type="String">c672aada-47cf-4fc5-b992-e1b85ab2cd4a</Data></Cell><Cell ss:StyleID="s22"><Data ss:Type="String">Description</Data></Cell><Cell ss:StyleID="s24"><Data ss:Type="String">For internal use only.</Data></Cell></Row><Row ss:AutoFitHeight="0"><Cell ss:StyleID="s22"><Data ss:Type="String">msfsi_application</Data></Cell><Cell ss:StyleID="s22"><Data ss:Type="String">c672aada-47cf-4fc5-b992-e1b85ab2cd4a</Data></Cell><Cell ss:StyleID="s22"><Data ss:Type="String">DisplayName</Data></Cell><Cell ss:StyleID="s24"><Data ss:Type="String">Time Zone Rule Version Number</Data></Cell></Row><Row ss:AutoFitHeight="0"><Cell ss:StyleID="s22"><Data ss:Type="String">msfsi_application</Data></Cell><Cell ss:StyleID="s22"><Data ss:Type="String">6c5e5177-b9eb-47e3-bb42-4e3758aa4c3d</Data></Cell><Cell ss:StyleID="s22"><Data ss:Type="String">Description</Data></Cell><Cell ss:StyleID="s24"><Data ss:Type="String">Owner Id</Data></Cell></Row><Row ss:AutoFitHeight="0"><Cell ss:StyleID="s22"><Data ss:Type="String">msfsi_application</Data></Cell><Cell ss:StyleID="s22"><Data ss:Type="String">6c5e5177-b9eb-47e3-bb42-4e3758aa4c3d</Data></Cell><Cell ss:StyleID="s22"><Data ss:Type="String">DisplayName</Data></Cell><Cell ss:StyleID="s24"><Data ss:Type="String">Owner</Data></Cell></Row><Row ss:AutoFitHeight="0"><Cell ss:StyleID="s22"><Data ss:Type="String">msfsi_application</Data></Cell><Cell ss:StyleID="s22"><Data ss:Type="String">295e6fa4-d28e-479a-aca2-a73f16cacbdb</Data></Cell><Cell ss:StyleID="s22"><Data ss:Type="String">Description</Data></Cell><Cell ss:StyleID="s24"><Data ss:Type="String">Date and time when the record was modified.</Data></Cell></Row><Row ss:AutoFitHeight="0"><Cell ss:StyleID="s22"><Data ss:Type="String">msfsi_application</Data></Cell><Cell ss:StyleID="s22"><Data ss:Type="String">295e6fa4-d28e-479a-aca2-a73f16cacbdb</Data></Cell><Cell ss:StyleID="s22"><Data ss:Type="String">DisplayName</Data></Cell><Cell ss:StyleID="s24"><Data ss:Type="String">Modified On</Data></Cell></Row><Row ss:AutoFitHeight="0"><Cell ss:StyleID="s22"><Data ss:Type="String">msfsi_application</Data></Cell><Cell ss:StyleID="s22"><Data ss:Type="String">df66663b-f3a1-4104-b916-c6d01acf7962</Data></Cell><Cell ss:StyleID="s22"><Data ss:Type="String">Description</Data></Cell><Cell ss:StyleID="s24"><Data ss:Type="String">Sequence number of the import that created this record.</Data></Cell></Row><Row ss:AutoFitHeight="0"><Cell ss:StyleID="s22"><Data ss:Type="String">msfsi_application</Data></Cell><Cell ss:StyleID="s22"><Data ss:Type="String">df66663b-f3a1-4104-b916-c6d01acf7962</Data></Cell><Cell ss:StyleID="s22"><Data ss:Type="String">DisplayName</Data></Cell><Cell ss:StyleID="s24"><Data ss:Type="String">Import Sequence Number</Data></Cell></Row><Row ss:AutoFitHeight="0"><Cell ss:StyleID="s22"><Data ss:Type="String">msfsi_application</Data></Cell><Cell ss:StyleID="s22"><Data ss:Type="String">17388758-5889-ee11-8179-00224825b793</Data></Cell><Cell ss:StyleID="s22"><Data ss:Type="String">Description</Data></Cell><Cell ss:StyleID="s24"><Data ss:Type="String">Nome yomi do proprietário</Data></Cell></Row><Row ss:AutoFitHeight="0"><Cell ss:StyleID="s22"><Data ss:Type="String">msfsi_application</Data></Cell><Cell ss:StyleID="s22"><Data ss:Type="String">b7f086d2-9f54-4a93-897e-3250bee11c4f</Data></Cell><Cell ss:StyleID="s22"><Data ss:Type="String">Description</Data></Cell><Cell ss:StyleID="s24"><Data ss:Type="String">Indicates the reason for archiving an application.</Data></Cell></Row><Row ss:AutoFitHeight="0"><Cell ss:StyleID="s22"><Data ss:Type="String">msfsi_application</Data></Cell><Cell ss:StyleID="s22"><Data ss:Type="String">b7f086d2-9f54-4a93-897e-3250bee11c4f</Data></Cell><Cell ss:StyleID="s22"><Data ss:Type="String">DisplayName</Data></Cell><Cell ss:StyleID="s24"><Data ss:Type="String">Reason for archive</Data></Cell></Row><Row ss:AutoFitHeight="0"><Cell ss:StyleID="s22"><Data ss:Type="String">msfsi_application</Data></Cell><Cell ss:StyleID="s22"><Data ss:Type="String">7fc6de52-9dd4-4da9-a2d3-c6b1e729e1bd</Data></Cell><Cell ss:StyleID="s22"><Data ss:Type="String">Description</Data></Cell><Cell ss:StyleID="s24"><Data ss:Type="String">Description of the application.</Data></Cell></Row><Row ss:AutoFitHeight="0"><Cell ss:StyleID="s22"><Data ss:Type="String">msfsi_application</Data></Cell><Cell ss:StyleID="s22"><Data ss:Type="String">7fc6de52-9dd4-4da9-a2d3-c6b1e729e1bd</Data></Cell><Cell ss:StyleID="s22"><Data ss:Type="String">DisplayName</Data></Cell><Cell ss:StyleID="s24"><Data ss:Type="String">Description</Data></Cell></Row><Row ss:AutoFitHeight="0"><Cell ss:StyleID="s22"><Data ss:Type="String">msfsi_application</Data></Cell><Cell ss:StyleID="s22"><Data ss:Type="String">3cbf5554-2681-42fd-9a48-44733d834471</Data></Cell><Cell ss:StyleID="s22"><Data ss:Type="String">Description</Data></Cell><Cell ss:StyleID="s24"><Data ss:Type="String">Contains the id of the process associated with the entity.</Data></Cell></Row><Row ss:AutoFitHeight="0"><Cell ss:StyleID="s22"><Data ss:Type="String">msfsi_application</Data></Cell><Cell ss:StyleID="s22"><Data ss:Type="String">3cbf5554-2681-42fd-9a48-44733d834471</Data></Cell><Cell ss:StyleID="s22"><Data ss:Type="String">DisplayName</Data></Cell><Cell ss:StyleID="s24"><Data ss:Type="String">Process Id</Data></Cell></Row><Row ss:AutoFitHeight="0"><Cell ss:StyleID="s22"><Data ss:Type="String">msfsi_application</Data></Cell><Cell ss:StyleID="s22"><Data ss:Type="String">277fd8ef-c9d9-47ba-8b3d-2835d8bf4e2e</Data></Cell><Cell ss:StyleID="s22"><Data ss:Type="String">Description</Data></Cell><Cell ss:StyleID="s24"><Data ss:Type="String">The interest rate of the account application.</Data></Cell></Row><Row ss:AutoFitHeight="0"><Cell ss:StyleID="s22"><Data ss:Type="String">msfsi_application</Data></Cell><Cell ss:StyleID="s22"><Data ss:Type="String">277fd8ef-c9d9-47ba-8b3d-2835d8bf4e2e</Data></Cell><Cell ss:StyleID="s22"><Data ss:Type="String">DisplayName</Data></Cell><Cell ss:StyleID="s24"><Data ss:Type="String">Interest rate</Data></Cell></Row><Row ss:AutoFitHeight="0"><Cell ss:StyleID="s22"><Data ss:Type="String">msfsi_application</Data></Cell><Cell ss:StyleID="s22"><Data ss:Type="String">70d0ee18-12ab-4011-8ac9-df108a06ef92</Data></Cell><Cell ss:StyleID="s22"><Data ss:Type="String">Description</Data></Cell><Cell ss:StyleID="s24"><Data ss:Type="String">Contains the id of the stage where the entity is located.</Data></Cell></Row><Row ss:AutoFitHeight="0"><Cell ss:StyleID="s22"><Data ss:Type="String">msfsi_application</Data></Cell><Cell ss:StyleID="s22"><Data ss:Type="String">70d0ee18-12ab-4011-8ac9-df108a06ef92</Data></Cell><Cell ss:StyleID="s22"><Data ss:Type="String">DisplayName</Data></Cell><Cell ss:StyleID="s24"><Data ss:Type="String">(Deprecated) Stage Id</Data></Cell></Row><Row ss:AutoFitHeight="0"><Cell ss:StyleID="s22"><Data ss:Type="String">msfsi_application</Data></Cell><Cell ss:StyleID="s22"><Data ss:Type="String">07b1bdd2-b5b7-4983-93e9-8fd2a98a9ab3</Data></Cell><Cell ss:StyleID="s22"><Data ss:Type="String">DisplayName</Data></Cell><Cell ss:StyleID="s24"><Data ss:Type="String">Name</Data></Cell></Row><Row ss:AutoFitHeight="0"><Cell ss:StyleID="s22"><Data ss:Type="String">msfsi_application</Data></Cell><Cell ss:StyleID="s22"><Data ss:Type="String">51442547-f8cb-4a73-865e-756ef3227104</Data></Cell><Cell ss:StyleID="s22"><Data ss:Type="String">Description</Data></Cell><Cell ss:StyleID="s24"><Data ss:Type="String">The date when the application was archived.</Data></Cell></Row><Row ss:AutoFitHeight="0"><Cell ss:StyleID="s22"><Data ss:Type="String">msfsi_application</Data></Cell><Cell ss:StyleID="s22"><Data ss:Type="String">51442547-f8cb-4a73-865e-756ef3227104</Data></Cell><Cell ss:StyleID="s22"><Data ss:Type="String">DisplayName</Data></Cell><Cell ss:StyleID="s24"><Data ss:Type="String">Archive date</Data></Cell></Row><Row ss:AutoFitHeight="0"><Cell ss:StyleID="s22"><Data ss:Type="String">msfsi_application</Data></Cell><Cell ss:StyleID="s22"><Data ss:Type="String">db80d5b5-69d3-43d4-9f53-2de18aa4d227</Data></Cell><Cell ss:StyleID="s22"><Data ss:Type="String">Description</Data></Cell><Cell ss:StyleID="s24"><Data ss:Type="String">The primary application contact of the .</Data></Cell></Row><Row ss:AutoFitHeight="0"><Cell ss:StyleID="s22"><Data ss:Type="String">msfsi_application</Data></Cell><Cell ss:StyleID="s22"><Data ss:Type="String">db80d5b5-69d3-43d4-9f53-2de18aa4d227</Data></Cell><Cell ss:StyleID="s22"><Data ss:Type="String">DisplayName</Data></Cell><Cell ss:StyleID="s24"><Data ss:Type="String">Primary applicant</Data></Cell></Row><Row ss:AutoFitHeight="0"><Cell ss:StyleID="s22"><Data ss:Type="String">msfsi_application</Data></Cell><Cell ss:StyleID="s22"><Data ss:Type="String">87b842bc-8261-41e6-8308-2cba9e80431f</Data></Cell><Cell ss:StyleID="s22"><Data ss:Type="String">Description</Data></Cell><Cell ss:StyleID="s24"><Data ss:Type="String">Identificador exclusivo da moeda associada à entidade.</Data></Cell></Row><Row ss:AutoFitHeight="0"><Cell ss:StyleID="s22"><Data ss:Type="String">msfsi_application</Data></Cell><Cell ss:StyleID="s22"><Data ss:Type="String">87b842bc-8261-41e6-8308-2cba9e80431f</Data></Cell><Cell ss:StyleID="s22"><Data ss:Type="String">DisplayName</Data></Cell><Cell ss:StyleID="s24"><Data ss:Type="String">Moeda</Data></Cell></Row><Row ss:AutoFitHeight="0"><Cell ss:StyleID="s22"><Data ss:Type="String">msfsi_application</Data></Cell><Cell ss:StyleID="s22"><Data ss:Type="String">bf24c92b-a7c4-4a7f-8f11-bd43e713b304</Data></Cell><Cell ss:StyleID="s22"><Data ss:Type="String">Description</Data></Cell><Cell ss:StyleID="s24"><Data ss:Type="String">Unique identifier of the user who created the record.</Data></Cell></Row><Row ss:AutoFitHeight="0"><Cell ss:StyleID="s22"><Data ss:Type="String">msfsi_application</Data></Cell><Cell ss:StyleID="s22"><Data ss:Type="String">bf24c92b-a7c4-4a7f-8f11-bd43e713b304</Data></Cell><Cell ss:StyleID="s22"><Data ss:Type="String">DisplayName</Data></Cell><Cell ss:StyleID="s24"><Data ss:Type="String">Created By</Data></Cell></Row><Row ss:AutoFitHeight="0"><Cell ss:StyleID="s22"><Data ss:Type="String">msfsi_application</Data></Cell><Cell ss:StyleID="s22"><Data ss:Type="String">78387e81-1cb0-4656-a06d-a05c01e967d7</Data></Cell><Cell ss:StyleID="s22"><Data ss:Type="String">Description</Data></Cell><Cell ss:StyleID="s24"><Data ss:Type="String">Unique identifier of the user who modified the record.</Data></Cell></Row><Row ss:AutoFitHeight="0"><Cell ss:StyleID="s22"><Data ss:Type="String">msfsi_application</Data></Cell><Cell ss:StyleID="s22"><Data ss:Type="String">78387e81-1cb0-4656-a06d-a05c01e967d7</Data></Cell><Cell ss:StyleID="s22"><Data ss:Type="String">DisplayName</Data></Cell><Cell ss:StyleID="s24"><Data ss:Type="String">Modified By</Data></Cell></Row><Row ss:AutoFitHeight="0"><Cell ss:StyleID="s22"><Data ss:Type="String">msfsi_application</Data></Cell><Cell ss:StyleID="s22"><Data ss:Type="String">b935d9c1-a78b-4043-a2fa-94c89b54ab39</Data></Cell><Cell ss:StyleID="s22"><Data ss:Type="String">Description</Data></Cell><Cell ss:StyleID="s24"><Data ss:Type="String">A calculated field helping determine if a related party contract is the primary member of the application.</Data></Cell></Row><Row ss:AutoFitHeight="0"><Cell ss:StyleID="s22"><Data ss:Type="String">msfsi_application</Data></Cell><Cell ss:StyleID="s22"><Data ss:Type="String">b935d9c1-a78b-4043-a2fa-94c89b54ab39</Data></Cell><Cell ss:StyleID="s22"><Data ss:Type="String">DisplayName</Data></Cell><Cell ss:StyleID="s24"><Data ss:Type="String">Primary member helper</Data></Cell></Row><Row ss:AutoFitHeight="0"><Cell ss:StyleID="s22"><Data ss:Type="String">msfsi_application</Data></Cell><Cell ss:StyleID="s22"><Data ss:Type="String">0f6ff6df-b3cc-4c1e-915d-cbfe908d62dd</Data></Cell><Cell ss:StyleID="s22"><Data ss:Type="String">Description</Data></Cell><Cell ss:StyleID="s24"><Data ss:Type="String">Unique identifier for the business unit that owns the record</Data></Cell></Row><Row ss:AutoFitHeight="0"><Cell ss:StyleID="s22"><Data ss:Type="String">msfsi_application</Data></Cell><Cell ss:StyleID="s22"><Data ss:Type="String">0f6ff6df-b3cc-4c1e-915d-cbfe908d62dd</Data></Cell><Cell ss:StyleID="s22"><Data ss:Type="String">DisplayName</Data></Cell><Cell ss:StyleID="s24"><Data ss:Type="String">Owning Business Unit</Data></Cell></Row><Row ss:AutoFitHeight="0"><Cell ss:StyleID="s22"><Data ss:Type="String">msfsi_application</Data></Cell><Cell ss:StyleID="s22"><Data ss:Type="String">6d7fe2b2-f6fd-46be-8c5f-3fbbdc7ceb85</Data></Cell><Cell ss:StyleID="s22"><Data ss:Type="String">Description</Data></Cell><Cell ss:StyleID="s24"><Data ss:Type="String">Reason for the status of the Application</Data></Cell></Row><Row ss:AutoFitHeight="0"><Cell ss:StyleID="s22"><Data ss:Type="String">msfsi_application</Data></Cell><Cell ss:StyleID="s22"><Data ss:Type="String">6d7fe2b2-f6fd-46be-8c5f-3fbbdc7ceb85</Data></Cell><Cell ss:StyleID="s22"><Data ss:Type="String">DisplayName</Data></Cell><Cell ss:StyleID="s24"><Data ss:Type="String">Status Reason</Data></Cell></Row><Row ss:AutoFitHeight="0"><Cell ss:StyleID="s22"><Data ss:Type="String">msfsi_application</Data></Cell><Cell ss:StyleID="s22"><Data ss:Type="String">42388758-5889-ee11-8179-00224825b793</Data></Cell><Cell ss:StyleID="s22"><Data ss:Type="String">DisplayName</Data></Cell><Cell ss:StyleID="s24"><Data ss:Type="String">Razão do Estado</Data></Cell></Row><Row ss:AutoFitHeight="0"><Cell ss:StyleID="s22"><Data ss:Type="String">msfsi_application</Data></Cell><Cell ss:StyleID="s22"><Data ss:Type="String">42388758-5889-ee11-8179-00224825b793</Data></Cell><Cell ss:StyleID="s22"><Data ss:Type="String">Description</Data></Cell><Cell ss:StyleID="s24"><Data ss:Type="String">Razão para o estado da entidade Application</Data></Cell></Row><Row ss:AutoFitHeight="0"><Cell ss:StyleID="s22"><Data ss:Type="String">msfsi_application</Data></Cell><Cell ss:StyleID="s22"><Data ss:Type="String">3e103b87-c82e-401b-9911-95ebb25141af</Data></Cell><Cell ss:StyleID="s22"><Data ss:Type="String">DisplayName</Data></Cell><Cell ss:StyleID="s24"><Data ss:Type="String">Approved</Data></Cell></Row><Row ss:AutoFitHeight="0"><Cell ss:StyleID="s22"><Data ss:Type="String">msfsi_application</Data></Cell><Cell ss:StyleID="s22"><Data ss:Type="String">903ed3e8-e251-40ab-b465-c2b3a33df4db</Data></Cell><Cell ss:StyleID="s22"><Data ss:Type="String">DisplayName</Data></Cell><Cell ss:StyleID="s24"><Data ss:Type="String">Rejected</Data></Cell></Row><Row ss:AutoFitHeight="0"><Cell ss:StyleID="s22"><Data ss:Type="String">msfsi_application</Data></Cell><Cell ss:StyleID="s22"><Data ss:Type="String">48532a96-89c5-4b9b-9927-35324ba12fad</Data></Cell><Cell ss:StyleID="s22"><Data ss:Type="String">DisplayName</Data></Cell><Cell ss:StyleID="s24"><Data ss:Type="String">On hold</Data></Cell></Row><Row ss:AutoFitHeight="0"><Cell ss:StyleID="s22"><Data ss:Type="String">msfsi_application</Data></Cell><Cell ss:StyleID="s22"><Data ss:Type="String">f94cfb2d-0eab-4465-8666-3ca9a9f3881c</Data></Cell><Cell ss:StyleID="s22"><Data ss:Type="String">DisplayName</Data></Cell><Cell ss:StyleID="s24"><Data ss:Type="String">In progress</Data></Cell></Row><Row ss:AutoFitHeight="0"><Cell ss:StyleID="s22"><Data ss:Type="String">msfsi_application</Data></Cell><Cell ss:StyleID="s22"><Data ss:Type="String">5ce043f2-ffc8-438b-a976-98a6da291104</Data></Cell><Cell ss:StyleID="s22"><Data ss:Type="String">DisplayName</Data></Cell><Cell ss:StyleID="s24"><Data ss:Type="String">Pending</Data></Cell></Row><Row ss:AutoFitHeight="0"><Cell ss:StyleID="s22"><Data ss:Type="String">msfsi_application</Data></Cell><Cell ss:StyleID="s22"><Data ss:Type="String">59cb7963-8393-438c-8238-b4110762315c</Data></Cell><Cell ss:StyleID="s22"><Data ss:Type="String">DisplayName</Data></Cell><Cell ss:StyleID="s24"><Data ss:Type="String">Approved</Data></Cell></Row><Row ss:AutoFitHeight="0"><Cell ss:StyleID="s22"><Data ss:Type="String">msfsi_application</Data></Cell><Cell ss:StyleID="s22"><Data ss:Type="String">7ce74399-3bf4-44aa-af52-f682a2ac5738</Data></Cell><Cell ss:StyleID="s22"><Data ss:Type="String">DisplayName</Data></Cell><Cell ss:StyleID="s24"><Data ss:Type="String">Rejected</Data></Cell></Row><Row ss:AutoFitHeight="0"><Cell ss:StyleID="s22"><Data ss:Type="String">msfsi_application</Data></Cell><Cell ss:StyleID="s22"><Data ss:Type="String">6da4d135-bdb4-491b-bf05-ae609859f77f</Data></Cell><Cell ss:StyleID="s22"><Data ss:Type="String">description</Data></Cell><Cell ss:StyleID="s24"><Data ss:Type="String">A form for this entity.</Data></Cell></Row><Row ss:AutoFitHeight="0"><Cell ss:StyleID="s22"><Data ss:Type="String">msfsi_application</Data></Cell><Cell ss:StyleID="s22"><Data ss:Type="String">6da4d135-bdb4-491b-bf05-ae609859f77f</Data></Cell><Cell ss:StyleID="s22"><Data ss:Type="String">name</Data></Cell><Cell ss:StyleID="s24"><Data ss:Type="String">Information</Data></Cell></Row><Row ss:AutoFitHeight="0"><Cell ss:StyleID="s22"><Data ss:Type="String">msfsi_application</Data></Cell><Cell ss:StyleID="s22"><Data ss:Type="String">26e70759-53d1-ed11-a7c7-000d3a1b91b8</Data></Cell><Cell ss:StyleID="s22"><Data ss:Type="String">description</Data></Cell><Cell ss:StyleID="s24"><Data ss:Type="String">A form for this entity.</Data></Cell></Row><Row ss:AutoFitHeight="0"><Cell ss:StyleID="s22"><Data ss:Type="String">msfsi_application</Data></Cell><Cell ss:StyleID="s22"><Data ss:Type="String">26e70759-53d1-ed11-a7c7-000d3a1b91b8</Data></Cell><Cell ss:StyleID="s22"><Data ss:Type="String">name</Data></Cell><Cell ss:StyleID="s24"><Data ss:Type="String">Loan Application modify form</Data></Cell></Row><Row ss:AutoFitHeight="0"><Cell ss:StyleID="s22"><Data ss:Type="String">msfsi_application</Data></Cell><Cell ss:StyleID="s22"><Data ss:Type="String">83257ce0-c7bc-ed11-83ff-002248081af8</Data></Cell><Cell ss:StyleID="s22"><Data ss:Type="String">description</Data></Cell><Cell ss:StyleID="s24"><Data ss:Type="String">A form for this entity.</Data></Cell></Row><Row ss:AutoFitHeight="0"><Cell ss:StyleID="s22"><Data ss:Type="String">msfsi_application</Data></Cell><Cell ss:StyleID="s22"><Data ss:Type="String">83257ce0-c7bc-ed11-83ff-002248081af8</Data></Cell><Cell ss:StyleID="s22"><Data ss:Type="String">name</Data></Cell><Cell ss:StyleID="s24"><Data ss:Type="String">Loan application main form</Data></Cell></Row><Row ss:AutoFitHeight="0"><Cell ss:StyleID="s22"><Data ss:Type="String">msfsi_application</Data></Cell><Cell ss:StyleID="s22"><Data ss:Type="String">836278e7-565b-4ab8-946c-07d24d56dffd</Data></Cell><Cell ss:StyleID="s22"><Data ss:Type="String">name</Data></Cell><Cell ss:StyleID="s24"><Data ss:Type="String">Information</Data></Cell></Row><Row ss:AutoFitHeight="0"><Cell ss:StyleID="s22"><Data ss:Type="String">msfsi_application</Data></Cell><Cell ss:StyleID="s22"><Data ss:Type="String">0dead3f1-dbce-4fc1-957b-931bf1f96e4e</Data></Cell><Cell ss:StyleID="s22"><Data ss:Type="String">description</Data></Cell><Cell ss:StyleID="s24"><Data ss:Type="String">A card form for this entity.</Data></Cell></Row><Row ss:AutoFitHeight="0"><Cell ss:StyleID="s22"><Data ss:Type="String">msfsi_application</Data></Cell><Cell ss:StyleID="s22"><Data ss:Type="String">0dead3f1-dbce-4fc1-957b-931bf1f96e4e</Data></Cell><Cell ss:StyleID="s22"><Data ss:Type="String">name</Data></Cell><Cell ss:StyleID="s24"><Data ss:Type="String">Information</Data></Cell></Row><Row ss:AutoFitHeight="0"><Cell ss:StyleID="s22"><Data ss:Type="String">msfsi_application</Data></Cell><Cell ss:StyleID="s22"><Data ss:Type="String">54fe3a20-05dc-ed11-a7c7-002248284536</Data></Cell><Cell ss:StyleID="s22"><Data ss:Type="String">name</Data></Cell><Cell ss:StyleID="s24"><Data ss:Type="String">Archived Loan Applications</Data></Cell></Row><Row ss:AutoFitHeight="0"><Cell ss:StyleID="s22"><Data ss:Type="String">msfsi_application</Data></Cell><Cell ss:StyleID="s22"><Data ss:Type="String">f5f7bfcc-3a70-4cd2-8b00-a47cafb9c7c0</Data></Cell><Cell ss:StyleID="s22"><Data ss:Type="String">name</Data></Cell><Cell ss:StyleID="s24"><Data ss:Type="String">Inactive Applications</Data></Cell></Row><Row ss:AutoFitHeight="0"><Cell ss:StyleID="s22"><Data ss:Type="String">msfsi_application</Data></Cell><Cell ss:StyleID="s22"><Data ss:Type="String">3b7a99be-ab61-41d6-b9fb-a6b827f5a933</Data></Cell><Cell ss:StyleID="s22"><Data ss:Type="String">name</Data></Cell><Cell ss:StyleID="s24"><Data ss:Type="String">Active Applications</Data></Cell></Row><Row ss:AutoFitHeight="0"><Cell ss:StyleID="s22"><Data ss:Type="String">msfsi_application</Data></Cell><Cell ss:StyleID="s22"><Data ss:Type="String">bc6b6bed-b7a8-497a-8ac1-6e70b7ffc19d</Data></Cell><Cell ss:StyleID="s22"><Data ss:Type="String">name</Data></Cell><Cell ss:StyleID="s24"><Data ss:Type="String">Application Advanced Find View</Data></Cell></Row><Row ss:AutoFitHeight="0"><Cell ss:StyleID="s22"><Data ss:Type="String">msfsi_application</Data></Cell><Cell ss:StyleID="s22"><Data ss:Type="String">dca2760c-e918-4113-9ccf-bed7b2739fd5</Data></Cell><Cell ss:StyleID="s22"><Data ss:Type="String">name</Data></Cell><Cell ss:StyleID="s24"><Data ss:Type="String">Application Associated View</Data></Cell></Row><Row ss:AutoFitHeight="0"><Cell ss:StyleID="s22"><Data ss:Type="String">msfsi_application</Data></Cell><Cell ss:StyleID="s22"><Data ss:Type="String">0a7d6e4d-43ef-4f99-8545-c2e4dc7645a5</Data></Cell><Cell ss:StyleID="s22"><Data ss:Type="String">name</Data></Cell><Cell ss:StyleID="s24"><Data ss:Type="String">Quick Find Active Applications</Data></Cell></Row><Row ss:AutoFitHeight="0"><Cell ss:StyleID="s22"><Data ss:Type="String">msfsi_application</Data></Cell><Cell ss:StyleID="s22"><Data ss:Type="String">c4e8c96f-6ff9-4ea5-a6e4-5cf669bf506a</Data></Cell><Cell ss:StyleID="s22"><Data ss:Type="String">name</Data></Cell><Cell ss:StyleID="s24"><Data ss:Type="String">Application Lookup View</Data></Cell></Row><Row ss:AutoFitHeight="0"><Cell ss:StyleID="s22"><Data ss:Type="String">msfsi_application</Data></Cell><Cell ss:StyleID="s22"><Data ss:Type="String">9993be80-7dea-ec11-bb3e-000d3a5b49fa</Data></Cell><Cell ss:StyleID="s22"><Data ss:Type="String">name</Data></Cell><Cell ss:StyleID="s24"><Data ss:Type="String">My Applications</Data></Cell></Row><Row ss:AutoFitHeight="0"><Cell ss:StyleID="s22"><Data ss:Type="String">msfsi_application</Data></Cell><Cell ss:StyleID="s22"><Data ss:Type="String">9993be80-7dea-ec11-bb3e-000d3a5b49fa</Data></Cell><Cell ss:StyleID="s22"><Data ss:Type="String">description</Data></Cell><Cell ss:StyleID="s24"><Data ss:Type="String">Active Applications owned by me</Data></Cell></Row><Row ss:AutoFitHeight="0"><Cell ss:StyleID="s22"><Data ss:Type="String">Workflow Categories</Data></Cell><Cell ss:StyleID="s22"><Data ss:Type="String">4100f8f5-87dc-ed11-a7c7-000d3a57a958</Data></Cell><Cell ss:StyleID="s22"><Data ss:Type="String">name</Data></Cell><Cell ss:StyleID="s24"><Data ss:Type="String">ArchiveLoanApplications</Data></Cell></Row><Row ss:AutoFitHeight="0"><Cell ss:StyleID="s22"><Data ss:Type="String">Workflow Categories</Data></Cell><Cell ss:StyleID="s22"><Data ss:Type="String">a2a38135-ebda-ed11-a7c7-0022482804c6</Data></Cell><Cell ss:StyleID="s22"><Data ss:Type="String">name</Data></Cell><Cell ss:StyleID="s24"><Data ss:Type="String">Archive Loan Application</Data></Cell></Row><Row ss:AutoFitHeight="0"><Cell ss:StyleID="s22"><Data ss:Type="String">msfsi_archivereason</Data></Cell><Cell ss:StyleID="s22"><Data ss:Type="String">3690cc94-09db-ed11-a7c7-002248280456</Data></Cell><Cell ss:StyleID="s22"><Data ss:Type="String">msfsi_name</Data></Cell><Cell ss:StyleID="s24"><Data ss:Type="String">Irrelevant information</Data></Cell></Row><Row ss:AutoFitHeight="0"><Cell ss:StyleID="s22"><Data ss:Type="String">msfsi_archivereason</Data></Cell><Cell ss:StyleID="s22"><Data ss:Type="String">a590cc94-09db-ed11-a7c7-002248280456</Data></Cell><Cell ss:StyleID="s22"><Data ss:Type="String">msfsi_name</Data></Cell><Cell ss:StyleID="s24"><Data ss:Type="String">Applicant has better financing options elsewhere</Data></Cell></Row><Row ss:AutoFitHeight="0"><Cell ss:StyleID="s22"><Data ss:Type="String">msfsi_archivereason</Data></Cell><Cell ss:StyleID="s22"><Data ss:Type="String">c390cc94-09db-ed11-a7c7-002248280456</Data></Cell><Cell ss:StyleID="s22"><Data ss:Type="String">msfsi_name</Data></Cell><Cell ss:StyleID="s24"><Data ss:Type="String">Applicant does not satisfy the loan terms</Data></Cell></Row><Row ss:AutoFitHeight="0"><Cell ss:StyleID="s22"><Data ss:Type="String">msfsi_archivereason</Data></Cell><Cell ss:StyleID="s22"><Data ss:Type="String">c53dc79a-09db-ed11-a7c7-002248280456</Data></Cell><Cell ss:StyleID="s22"><Data ss:Type="String">msfsi_name</Data></Cell><Cell ss:StyleID="s24"><Data ss:Type="String">Cannot reach the primary applicant</Data></Cell></Row><Row ss:AutoFitHeight="0"><Cell ss:StyleID="s22"><Data ss:Type="String">msfsi_archivereason</Data></Cell><Cell ss:StyleID="s22"><Data ss:Type="String">78fe005d-0adb-ed11-a7c7-002248280456</Data></Cell><Cell ss:StyleID="s22"><Data ss:Type="String">msfsi_name</Data></Cell><Cell ss:StyleID="s24"><Data ss:Type="String">Bank refuses or rejects this application</Data></Cell></Row><Row ss:AutoFitHeight="0"><Cell ss:StyleID="s22"><Data ss:Type="String">msfsi_archivereason</Data></Cell><Cell ss:StyleID="s22"><Data ss:Type="String">7ffe005d-0adb-ed11-a7c7-002248280456</Data></Cell><Cell ss:StyleID="s22"><Data ss:Type="String">msfsi_name</Data></Cell><Cell ss:StyleID="s24"><Data ss:Type="String">Other</Data></Cell></Row></Table><WorksheetOptions xmlns="urn:schemas-microsoft-com:office:excel"><Unsynced /><ProtectObjects>False</ProtectObjects><ProtectScenarios>False</ProtectScenarios><AllowFormatCells /><AllowSizeCols /><AllowSizeRows /><AllowInsertCols /><AllowInsertRows /><AllowDeleteCols /><AllowDeleteRows /><AllowSort /><AllowFilter /><AllowUsePivotTables /></WorksheetOptions></Worksheet></Workbook>